pk-1,QmeNxxpiNGE2cyPAnrBfChZdaWVJ4Kwnx8ZKkGu6DXQSJi
pk-2,QmbUdoMDtwoGeQq8UXLHaWbSWJXYe7XPTUBSwPrQKjz96a
pk-3,QmSvWeE2JdeaAuCiJkWJ9bgtdP6VRK1fakU99sCFgVr7gb
pk-4,QmbecCZGqbz5kdWoL9tcF5XQfap1PHNmjtnwAvdCjVmdyp
pk-5,QmPUVvXvC8vTYV2uYbHHWfxyQjQhtxruYnqQTX9Pzn6fwf
pk-6,QmQCpB4xozcYqUA4h2hx72XiY85G8sVfNDqQ5yhtzUCMQv
pk-7,QmeodKCvwzKhfTYMSv4539LFw2PFtjHFZa9Udo35XASZPB
pk-8,QmZ29YrqJYkQNgJLBhPn3S5EhF8uhds4Ah3Lt2wjxLG5cP
pk-9,Qmc9g29zyouvGYFRzXYHUi81NudFmnF9FWdpBVcYKVFYMG
pk-10,QmQn6yiXsunw45P3MEoXpzZES7ftMBjTAyKP72wQC5pMJx
pk-11,QmbnQLshfPpYqR1MJk49XA7JH9VWt4npZ6Bzpr3YUezQUB
pk-12,Qma1AdyrQytijakTiVzEVbykqiqqodeKvoBc4Tiob7NJbf
pk-13,QmPk3H9suqazMX1HFP6bJBGpk7QLbgFAouatrK3aUHWGdn
pk-14,QmWs9FkwVtd4MTYVQP4db7aKL9S1SDJUuvYQJvghXAdaaH
pk-15,QmRgBT329kQCg8VqiHMKyHvSf4vtHoiShpJKN2GtKzpRBV
pk-16,QmZ2oV92g8yaWmgFrxNnjNVKdCBLKP4xBkg3FCjVDGrb5L
pk-17,QmQMBCoKJ8yg7bC47iwdsEvQTmy6eyE2HDSAtqsePd5jYg
pk-18,QmPiGoJM7PdrmLav82UM3fc4fjvnfVU2q2mzcYWyA5YfX6
pk-19,QmXhadckcPNhkb32pPyYtEfn8mW5jk5SKwrVLAztF8jNoL
pk-20,QmdbkgPKricNeusq7RAgjXraQuQHfh94d2poB5m87foKaP
pk-21,QmT8GkWmiowpMgLr2jP1oRnCYsWKGRKgdhmLre1ze1DcwD
pk-22,QmbRyZNUaCv8navaJjjLThyJYh8tJQZdKSDuSfwd5mCycH
pk-23,QmYzHHL56j6qvzBazbMM33ocuJqbuGbcnU9pZ5cyggwcPY
pk-24,QmYUfogoKEuznB83qaxH8FoiqMMp8i2Rp6bQhKX44W49rn
pk-25,QmXh58qD5UeivmudgPUQsPzhbHJNGhZ7kP5E3ehTwXZ5WE
pk-26,QmTx9KXPqX5MPkenLB6odwbznYPtRKHPDc11uGmws9Cryv
pk-27,QmXcKjZ9cgodKGKfVKnBFtWrMNLA7jEhLPoJLpCbwqWZVN
pk-28,QmWrbZks7gBBzQkyT59HegQsVz6ZyTWT226cVwcC3TqEFJ
pk-29,QmTb9VZ2PF8o5FCZXbWBq49bdkLyoEgrBFR9714Bm5JKEj
pk-30,QmanV7upwzkfU3GPftWyNBJwqAGvnnjcxfUM3HVsbNrzzS
pk-31,QmZRoQuTF5S8auDAbdXBdm2QwDwXsxCyAE5AgLBubdYGnm
pk-32,QmXMuxScNdekVf6iLMobjL4oxSjvEubp3waypQX1ze1DTE
pk-33,QmQP9FQMq7W7RJ58tFu8DfmAshE8xJb6GRiDpAwKhNgtk1
pk-34,QmRcYLNSbV5wyMSfF2Zo1mbJ44ebwJ7AmdKVPAHEoLqoVY
pk-35,QmRvVzzSPqP73gemP6We7MKSwqen5AhpKtzTXGeDjk2oN5
pk-36,QmeD6wL6kHoUsB5iQe2W9sSCnsv3ccf1Mz9LmcEwcnPSdq
pk-37,QmSeG8Y6K2iyQSJk82EioSxGe1n1CDVU59PhQhN4dVQdok
pk-38,QmdFt6kzwqS42x6M1DqMNsWT6WRCF7M4GRy5F1U1nJLU5D
pk-39,QmcmYuZ3yMkZcJheSYAqou39LhUMPaNoWj8L29hx5pgtE6
pk-40,Qmaais5gmY4Z6AG5whXSGQGpvBnJhi7mK2BwcDuFE3kXvL
pk-41,QmPpjdscLGGXSR8EmXkkvDzqS1Mh7yHnkPzHaN9RPTGKy1
pk-42,QmR7RWYTRD1Ueqz6yVfdLHC6hijJqggf6j1HkwrPPJ9VeP
pk-43,QmRq5nNcQhV14rRNTC9CdWWB6Wp3dytWSzuXcL6qXEqKF7
pk-44,QmQDqJQVLpqmMB3pq99xxLDrxn4WaVTRJxeVAjv4cLboXx
pk-45,QmcJKYNcizaWJijX4uQWjWa73X3zKY324dNk1Pxvqicxxo
pk-46,QmeEyYMdkmTZ4wkhVEXAhwsmx1MSsH6D5mfus9WwNbaw3G
pk-47,QmQWSwGqvyeCVDs1QzVrF1TuYqDHdJvsbX1Y1Lqe38ABqX
pk-48,QmNozMdYaKReoyM459qSDjcyF45i2BQrDSQTXYFSChG2ie
pk-49,QmbzpxFK47T3iLDggvbgQVCPyyr9WaRnYJHjXK5TUTuCte
pk-50,QmaXHmRBnJuz884u8YJnk7YjKNXfXboAqCRJ5W7sMPd5Kp
pk-51,QmZiTWL7CUvZByJ71raLRDVBCNjveGDQZd8WLHwDVx91FH
pk-52,QmZ6svhtnRvt8Vsfz9Vw2J54ZuAwuDamZdwNqGewdPK8rh
pk-53,QmZFeTn8KCSph42NVn2t3wfcRF7rRDYvfEBjrmMYTGSZA1
pk-54,QmP5DAX7uucEuHssKTcXU4piV2SbHNwJ3W8raZBVGEzS2C
pk-55,QmcitbhPY9XfCpR2DtFT4vW1Ru1kNx2AF2EuvYDxopkAkQ
pk-56,QmQE7ByLYvLVu9qWkJBZ1UoktAwdwi2fvLYhcmZvDfEvbM
pk-57,QmTAFvjo8Ruyg6UvpNJV9WWL5JA13t8dEqXQ4zdmakT2DK
pk-58,QmXCcUYgs4EBEsRhSGt6ykobbGk1GkHmu3qWN5hqapXRXT
pk-59,Qmd3HTVrzkxd96zxsSGkwornugM5SGwyme1Z2Fqimip9AE
pk-60,QmPcHhmWtnQgVABcrtrT7YbPD4VDm5GfAzPwvmWBJFtJfH
pk-61,QmSJDSVyDW28w18gudqNg848UhdztjGByHfFTfqMX9Bq4G
pk-62,QmSGgq8niAcz6xcGUNjJs3qVRzs8d4zFeM2dQvsSLbrBw4
pk-63,QmZiZBY4zHhYFWRjf6UJEQiCtnSWYjt4ALWPwzh2qJPt6o
pk-64,QmVJhGDcojv2sdoK1qDHvMXbXfkm3m6Hrmnch21oHH9Cun
pk-65,QmRKvTKaXuQHS9DMBttNmURfGeAjZVGqSUUqmf1Uvq3Fvp
pk-66,Qme5tfDUu3Lpa8CoqMqmc2ZE7Wj6mRr8rTRDfEqHHhNLoi
pk-67,QmVDbnaHFTns9FohTBFR2FAjfQN9P4HiMekhXM4UkSDUCc
pk-68,QmZMyE6QuxvvHrTGkFgB2xSB6c1PUiLErxbb1MxsbWs1vW
pk-69,QmaFXdkbsptNQUWxq77jNympMxhd62BKaxHehnHhtTKLHD
pk-70,QmPZbbv5Fg5JYC4rwx4TLW4hzZWqx4mqWZdxzcvMM651cd
pk-71,QmTMcvQn7FjFsuANcwqBg5SAskYU18sC4MzSxNNk2WSyo3
pk-72,QmaxUgprHnvtceCDVBGWkDriVk9docjuy6gCnrsQPSv1Py
pk-73,QmXVp3BDagPTEvjhhyf6AHaUttJuRegoBRFHMtznBGTBMx
pk-74,QmTYksjfNwRwxmunDRmPnYZSUQCNBiZGbiYJtPfcR5AW3f
pk-75,QmfXFvGyura92HPEWbzA74tZ3DrUTn2rv1WrcDBBjpL8Fw
pk-76,Qmb9CFwR5LRnxbqjAaaLmojeBN5czLufgu4hsZeK1kSHKz
pk-77,Qmbz7SmUAbgKMx9qnK7wWKJXY7SMmnvkfBigCCpTLLVo3a
pk-78,QmeFKUM3w4aiZQdSkbrToG1SfRLh9wDCLMpUD55FhsN8Vc
pk-79,Qmb6EjDxwcsEzWkh6cGcLVC6UxcAHWNFbvMFAprq8qSAEN
pk-80,QmTbvwLnUUnvospivGUMuSXXNmvpnAy6fUYeATq2yw3R6Y
pk-81,QmbykYXjXREFUYGZ8gJDrEQaePS6ZkfjbTsB8Rn244PiGu
pk-82,Qmdm7p3oyar9K6UYc45engF35zBPoEpQzpHuPjTiLP3C3i
pk-83,QmYhAzMjBjhw7pwcd7DmzpXjaoQCYB4qK1xanXCRwhDHNQ
pk-84,QmRn7w29yBcybHYQpjPgLTsPjcdcdZitxqDWUCXXzndXC5
pk-85,QmaB7L44jwNnjWAxww6FSYgorXQdzXnGcmxTFKdvXsLpzX
pk-86,QmTmbjmCRSLws3zuzEF8ii5g6Z5qCs83p2xAaPTkFPzkq8
pk-87,QmYuTxZ9WL5uXAFa2KP7k4dTxtNhN2VuEYKE2xk1KksNxX
pk-88,QmYeD3Zjsntaj5FJD18eKzfgrps1AoWB4qSR7pL5W2tCzo
pk-89,QmS9T2mmwMmvW5DHrQD71er9TsWa4XMF9DAAD6BUBfQZem
pk-90,QmWSSTTgPWaTbTGRztM4h7ziW7PXWTEZjcvDvyVntphdEu
pk-91,QmTvz36En8esLA7j4WgcgwkBxsGiapz25FAfKDLtSPpwoa
pk-92,QmakgmCdaRTsgdXwgVqZz8XDZwLzRPrWfov2D8Haqms92n
pk-93,QmZZgd6VWc5jq7kg2tSeztfCYXRSaomrzSq6JNPMphz4ov
pk-94,Qma88dFbgxAvVSoyuHwy8bqXZDSGRBPiaEAMdqEN68mf2b
pk-95,QmZtv1edKpVRZPhCqKDtNwE527G2D6vCpJtQdU1rVUDvmo
pk-96,QmToXZy8LMKta6EZw66GtnriX32etkHDaBoUReZhBRT6PH
pk-97,QmNroebgCP4txkvsJuUG7F4STngVUoEjqT1FZqNKR3cbHL
pk-98,QmQHQcGGdooH9k9w6b37SMa3UxnUq45CtdRBUxpVy9k2Dg
pk-99,QmWWsoPy7CriLVYZxfqwjcd234Lpku57AJpQhMVdQbhfP8
pk-100,QmQC5HBcERcFWXmjzfKV5TvkhBHYoMLvtuaRDgWXv4Wruf
pk-101,QmVUkvLqCQD9Mpu11xMu8Ue1y8ocodSiDkL8Cj1bCHMhUW
pk-102,QmWWUh5fxbaBVCzxC3pSJ8qLFUb9QFPhVLTnwEw4XmkpYZ
pk-103,QmXsnyESxih2Tetm4tgMhB9SBaDuppe47yasMXh5Gwp4gR
pk-104,QmReFuKTcgP7KXwwnWMk9ofcseFq9hGeXTvSVVzP3ZQwVM
pk-105,QmZSF36qcJpXkhoZW9Zcq4SndTPtvtAkVKa3iLGvYJjx2d
pk-106,Qmf5QJGQCsJMYQtuzwbkG9UKrC7LH6RLNWY9FMwr5BJMmL
pk-107,QmNS4gkXWHLBEBKaAik68vfJXq8bvgDe4qcTuj7LGnbp3e
pk-108,QmRJ7Kznb1rcgf1HjFaq8yZLnVeJSuGMqKMY86kKS9tCMw
pk-109,QmYeaQ2GknXV9anbcqcns87wRv6rdT7EpsPBFoubp2qnDJ
pk-110,Qme2BU5ZkXxe81V5eE3FNNeSPCgWeiiQLWZb99CS2U8R6b
pk-111,QmNY14f6rKwS1p4BE8EYxZkp61a2y4o3M2kw6tseeh6Zhb
pk-112,QmZ5cypRnZwzPu2zcXUruz9CmpkrUrmRZK9aXDKWRxZRtd
pk-113,QmSV1MRNtK1ohVH6VaPXEbj8sZZRKwXcHbbDRBHb2G6PAB
pk-114,QmNeEWDy2zjRYUawHxVeYnxun3jBwodV9bXbF5vLupct7M
pk-115,QmXWed8mibmYEA4L575cuLZAjZohafvwrLTSJthdFCiHcr
pk-116,QmYdUHyRKjRqunNEWSeeuaE5Q7ohH3ni5jrQMiCRXKVPbu
pk-117,QmP46ob9p5nhtzGmqrkbuzHF8S36SUkDiK5caQSKGuTqZZ
pk-118,QmfHW27cSHj9WYoyfUfkk2d2auRSHRux8keVWD6kjV1PeL
pk-119,QmUV7q5KXx7dnmFDsJYNBmAYD7NrSsVrNB7JBCFdqgf5s5
pk-120,QmWNYyQ1XofMRKwTrrJ8B5Y2tx4GMuHnbR741XryQqK1Mz
pk-121,QmdXUZHQxSW9jeuztQdL9tqxz26Sp3PnyYC1s4RiWsup75
pk-122,Qmd3oet9WFMginQR1RVxCvoTFTra1VeomaJDSXo58qhk9j
pk-123,QmXFnM6oJbEsMiZ1dC49RUshq1U4JtMoxdjzwpP6craBWc
pk-124,QmUos78GjP7Yd3gVcnRKJi3XfuxjWq4pqSsZcWyA11GdVW
pk-125,QmT6ZJTCMjTsenwNChouHnf6zKo1KoGHA7vB9mZsWfjf5H
pk-126,QmPjvGB5PZJo3seD4bjEkwvaP12xjAB97YiqdnSKYcJa7v
pk-127,QmfWHTtMEd1FQZkacQkEuLUTfbEerosNzymGJLV1CtJChK
pk-128,QmSHy4HQaGaxcE8rpiJzXdgJqNxA6xVyBVBF1hHBe91xyt
pk-129,QmQS9K5phn7KwCxDJFCEpAztz9ySKNwcNWvLzoWJ2Gnfyv
pk-130,QmVqUG6zNPceybuJUhiwba1jNr4kcXgmw8MW5nEcFWUfK7
pk-131,QmUtYmZuTSRKqWYJc9A9c8Yp45FmChg26Xa3GysgHVg23B
pk-132,QmNgnDnVdssNFjLj5JJqEk5mSUg6TAppZBb266QoCvkYSE
pk-133,QmcubPiqppcfQ4ypGqwZN5PXkkfwu5BAdYUC7iQB8kxkKq
pk-134,QmefgLJyJVTP9ojKsEC9RknQuAdzgW1YAcrWhYywdZmVTp
pk-135,QmfAXeGSN8HGBHg5EvV5oUZTAuKAj4p1PYjCBUSJi5vkKA
pk-136,Qmeg16JExfWw7dBBrGvEvLTsmErxyZ4q95RvGKyDyP3GZw
pk-137,QmS7pJ3viYf5UeFXfSBzRLeci4QVALcSKQb8SyuqAsPAKe
pk-138,QmTE6cUK9MCWyGZje9j8cNSQVGiQYFwfAczRzaFDmeHj73
pk-139,QmPR7C7sa3t4bh2rosJ3LZ6L6ARuobxcUu2yaRASxyMa4h
pk-140,QmXHKUmUv2NcogYqtqrQDRUF8FvBP677JpBBaadiTbtFjV
pk-141,QmSG3VFKBDa4C4jT7LxLv3d7tFqDo6wSfSW9fqjbqQurEm
pk-142,QmWfYTuT9voUB2zx3fGizxJLaBdFEAWkxhFLjkByJRENLM
pk-143,QmSSoYN1jVRRnqoCAEQE36eFutQuZRVhuWVkEhhWHQuPUS
pk-144,QmbpecQ5aZadqQ21aomgkDTm53oggXFtJbpbAfZiTYUtNg
pk-145,QmNq1V24YsFKseKJjW86JDyLZhkhZSezKNXEaHxV59bPs7
pk-146,QmRTkJs6y6yDM5z4gJZ1nEHUvJ3kKw3YhfFMwaAFjjx51j
pk-147,QmY16WSb58GVV5QDaLZLzENcnYmHBXtNUwfsgo67aKgqVv
pk-148,QmPhKt8gbWABAwffk6s84sqZWnEXUfDTQqbRNR6gkx85hA
pk-149,QmYXjGnbLjE1pNmmqbUo9rdfcWY3yE4LVPyegLbwUwJWLN
pk-150,QmPeKouZxPdps7jryYYZCuJsVMQ9WNBS5261jvJAvybccX
pk-151,QmdFXzRYpPs68QK4mGzDQbmmmksHsD3jyGv6YKmv8pStVo
pk-152,QmbZwRJBHySjVgsZANWNhmVuTT515tcpri3eRNzy5Ud87U
pk-153,QmdQqFSXc7NrantY6tvUyjXAzL5wTvpKmjG7EMMZAiWJbY
pk-154,QmXozsabjEEFkmxrRsJANcReVp3rGy4Aai7Vy6g3rx8RZk
pk-155,QmVZGLTB85XzFt6CqJqNrZofVFqpvWXdEjn5qizNVJZNGR
pk-156,QmPEw5uJwTAmgtiMYG3EbeU93Qb5ruXzHBaDTBbLBY7w6B
pk-157,QmafhMN4tBdsgWCwGXzcDG4XRv2phNLWjrShsx5GPH75M4
pk-158,QmUvyjrCA1xQ9pfMhs65T2byRXWSHB7H5f68eU144Scno5
pk-159,QmPCe39ZotthK9Q5LYTJEx4e6kJjx9Sh6j3qvMbP2n5uRN
pk-160,QmXZdg9igqneaL3GzyDbWyvR1oott8CaZijduMe6PsSz7K
pk-161,QmTayR4c9KRdqaaP8pKBAwtJ1VYgQw4zJMzDizqX1Zhmmt
pk-162,QmXWMWHTCu9oiWDEPCZAi6wCE7fnkpmynDL4Su4FgfCGH3
pk-163,QmXur7wrb29RseWBeZW4mbvSFrCkW1TkSapXD3bnfTekCc
pk-164,QmbhX9buDQ2XfY2ZFtW8AwwirswhF2cU2SNiqGoHPqL3YG
pk-165,QmPcEm7qW2qDwyeWQpros84i2Gcuyn5SQoSH9N4vA8gikS
pk-166,QmbARNWpkQEADm2e6VuBWjdKJjBgjvDKvpWLH1CL3FeDYG
pk-167,QmaAHNa5HFxYqGRk1HCqEtK3P4GHpHvoVLEewHQspNqYHN
pk-168,QmTGm7RkpP19nZEq2xByvKNG2qek2r17P6xG5SYj5q8EBp
pk-169,QmUBLXvy2Kgq5GnWYWGNUsNDwPUS2VE2NXzsNGaZrgLVHy
pk-170,QmSKEEoJcdHq557pw87WdGrM5p17KTbw7VyV1AVzRJ4WvY
pk-171,QmYJFMqmsjSf5qJ4DLyAhkJdmhBXiZfdGGvTQNR4aSejRs
pk-172,Qmea8Zmg5HFJrCrreRS2bWAdCA5ieUqTRMf58uMVdFPt3c
pk-173,QmRzh7yQL7aR5LYu1pAaB53gWigRjH96E6imoZaxvHtSWS
pk-174,QmVcbNCaQFwYNehuTDgGyu8SkKY9vNqUs3ZnCAbDZEAY7b
pk-175,QmakihjoARWYfsHHuxQU9ctbHFQgrXnAWfGHWgsLtkoWoP
pk-176,QmSHzmPQaWMdQtzQXYYwy7FJE41bZhGDaFWf5ZoeSMWDSe
pk-177,QmbBxU8goKuNdQYkza11MyW9d69xXf2yNoCmQgq8eodzpT
pk-178,QmRg2WBNucBsTUZveQeFfo1yM9Ro6k4QewoG69jBmLq8YZ
pk-179,QmYma4pijivuWV2D2RrvSU7kFZVjW6m4WTQgAcTjqZLz2E
pk-180,QmQby2Aem2rRxZv7FHHKLwpvnosMPHSrgSx69B9s1gxcNe
pk-181,Qmf2X3bvvGLw2vaPBY78BV9QwyBzom52KCddSt9WisvsB2
pk-182,Qmann8e48KXV3gDBDj7sHN9bo7PqTQmrBRKrdT1Zd2refJ
pk-183,QmUwe8eSWAVow1QkgriXt9iv5gh2NVad1r4NhszYqLpXSv
pk-184,QmbuuB6CCUxGCugZk8kqe4RvQAmvwnKDAHmMthaMqNuYMa
pk-185,QmVJucJKiWojiuGNExreMYB11KZF1Y4S1FqtdrU3YnDxQW
pk-186,QmVvkwFDLjt97WwbmUyM8MuxAbE5RrY8FTynWX9F6Sy777
pk-187,QmQSgRkAhagfKWx7cf52m61CkKcPuN6Hkddq1P7c9LPuYd
pk-188,QmRe2Q2Foi6b39Ft6SErztqtD97PitEkcPsYekveS33cdE
pk-189,QmUbC1se5gbzYTERintsruECxwhqBViJREGx4DGARiviHg
pk-190,Qmd24T5VWTRYSJdSDTWQWKrozR4dqrRdmnALxs4BeWREEW
pk-191,QmaUKf1rWXcEAyQSERZL3B5TMwgi7TpL7GPm2S9uoRqTLJ
pk-192,QmZ9fYkKKJLE9FdHjxeqX4J5uKCpRtiMQLRH5Jx1hyT1CR
pk-193,QmR7Z4zD1MSd4C8CVrijgjRxZM42Ph5LoTvbxG4iYHSmZ3
pk-194,QmR3iQ1pRLc8EPbFaS6DpgnZMaDvfn7kagdHB2fuKzuMh7
pk-195,Qmd74k9mJ5xpiDJ1soZaWrBKG6aAyGujCB17omEfdhCaUu
pk-196,QmPBzorvUVGNA3B1VKLYCX8PsPTb4QpZE2XcBAoYuK7Jsc
pk-197,QmZb1MzefqYZjryTcx2LVKAxFS4neZLjtEbR5Z8dxmFEL5
pk-198,QmbQP8DDQshyFGuecjcfEWMVhBQdMEBYeW12AzN3M22TWv
pk-199,QmQ8iK25foksMRK9x7JcnjChcWdztXhfGw9bW8N9Q1YPG8
pk-200,QmbFXwrJCaG5DTfq24f9kMobE7ErzPBeWeFDMQCdCyBZQQ
pk-201,Qmb99sdJRiTBJPmgTPpcCTK6HPLpuijLuqwn7YU5kqAZGw
pk-202,QmQdRNMgJrCrNCSWGdADE4HbAqQBzoVhhFnAxkf6hJutj2
pk-203,Qmew1qeB9vMnWPBAFW1owo7zz2HLEhLKU8G48FAAvUzwvK
pk-204,QmVAnWEDzQyWo9QoVFu78Y4fCfakxesXKUNBrWjXQcoeGK
pk-205,QmVYkWz8DeeQrotY74ivdW4L7Wdwgtr5bp9CSUhyAUtGjD
pk-206,QmUUWDmVys2fEECgVsxSBzHPBCrsq96ck1h6xGEQbnKbD3
pk-207,QmSM23Z31dk9GgTg8g9yBDCDHye81ggsyQ1fhBoTVaKhFr
pk-208,QmaBd4nWgXWYwEQEmD1U2Z7awbTARJ1cD38Bqhdr9PM5dx
pk-209,QmQDeEBUUn5QUWmfD98U6S6MfZZRPEhj7hnvYhwCVFWYkF
pk-210,QmZVAdZnFiLPfjDUtW2MRYd7enoneJYYkR8KHupwSQxX8A
pk-211,QmbKBXvvYJpHivuty3uo8uRJ6CKRvHjuJpNUoVqUYhbHWN
pk-212,QmdM4BSvEwcmZhqCare3HKDn1hj413B9qtxYJ5TaUzLgNb
pk-213,QmZfucnTuwz2eezsVRpCgY3vDxE2dyUV1dKkoGEXjs7tuV
pk-214,Qmdni9stMRGEbsFntvg6zVJi1fVRduv6k2ksojjBqUzwgG
pk-215,Qma4Rxk6jVnayDTy2kjspnsqQefQ5hfj64NpdY1ShUMcU5
pk-216,QmNWWrokVorAs1bEywF2n7oRhSiAV6EKKC2XvwLuEjAK9q
pk-217,QmZAzKSiovsw1muNWerSRnauofsKWdarARgPJPXNAD34wx
pk-218,QmVTMvgXZSbExgebiioiMCGLqaHhBad84qoN1DPp7VnvC8
pk-219,QmShMpZR8SHYsKjFHznZBt9PVcLr37q11ry1eCETUJDUz9
pk-220,QmQk52TbKkKtnpxS7bXympCu6R7c6yjoHD13dU4bXMuNik
pk-221,QmT3VXEnMJeWqf3yTqVovpsng3ckM3FxPAEkXArZQpi3V1
pk-222,QmXGWnDUjBEaYXrHz55MGhzWCP4oMc6rB7tQpXkBDpmZS5
pk-223,QmcQiX7CPK8z8qWsQgdTqoUs6dV1P94Y4kgWA5u5KCFXG2
pk-224,QmbsLn86sFHp1dxxA5baGhsE2dFxkY7ypvaMtNCxKzhtXd
pk-225,QmPHcRGoyYnLpP9KX7TXsrQ5kKNKpmgsPSD7EEnYrvKXA2
pk-226,QmWDXDwxqHnBpBMZRtwQ2oZwtHuvqA3BZvScSGHSpa2nJC
pk-227,QmZuP3ekn6UXDeLAt4uJZCUJa4HYH1Mi9WKbbi2S9d7fXM
pk-228,QmS2q83u2noeM4GFWj4ABYbTMHsiywJqLhNB1ir5NwWjbL
pk-229,QmaTxwCFwPiMEj7JLoh9udXnTEzvdUCkePsmhgd8W6yP42
pk-230,QmS6e4411QzSAsLyQ89UJ7iWMh9R7GwrkZveBcpoUh9eyN
pk-231,Qmef4jRkg7WQSBXM7mjCxn78sFBC5sHdvuscw6WU5H58Ry
pk-232,QmcURnXtCHz6TBD81rfai9oVA3ic86XHU8jTWRqZdyxr6j
pk-233,QmcM9Bit3a1MCnYNWee5EH3dY6Co98qT43TBoaMeTw7Mrd
pk-234,QmXhsMY2z5FXZnKNrYZA1oSmZ29rgWwciJPmiPnvarLwkC
pk-235,QmSEWrkUsQPmEMzf4c379L54Zb4EyUdsoW2taEXcmdkKkf
pk-236,QmUYeyYnDTSmm8JvC2UMCwXwyZyUj2QMTsLDCNzBbr6aL7
pk-237,QmWAAJtxnjFKcnzwaZPL74ngEdnu1UHY3hg7GFbLMo2t2m
pk-238,QmXRZEvaiFLepxY2NK6Kqop5yA16YtoccsQyiQnEeH9oYj
pk-239,QmQekjGoS2uZ7EonJxdWEtNGhR1z82zSDSJqv6YrP8Bqja
pk-240,QmZoPQNbx1ctQKqkSuWwW2W4kmbuK1kpCU6jQsmEPr3K2w
pk-241,QmWVKXJoCRDE5hZZVc9FSGstadvddbBrjGDjjEPQBNtS5u
pk-242,Qmf5Jc37c7H9C1YmzwKj5ghRZXEBVVGV6m32pJPXHhYPXz
pk-243,QmUYHPQVXbqbTbDpwsGUnFiSvHGeKwVi2bFMbYjHhKUTtC
pk-244,QmagTdiTBEZbxvzwgawwjr47dXZgRmY7Nqdjzci1nWRr3Z
pk-245,QmNaBZ1sbvhtRLmsMp6wxPSgjTE7EbbaQoZk7bCDdMniSR
pk-246,QmfXd9KbcojfpxP34WvaBSwBC4FX61N2E3P9BWezXFLpc7
pk-247,QmaYMh68gYQ91XbTtZVxTx2B5q5Si8bo6qxx6JSuWQpZFy
pk-248,QmX5NUvRB6XgKFbRaitGtadHthqWcWNyDUAoYZHmhQLYyX
pk-249,Qme8gq1MB5uHoXVLNUn7iJydyVyJ7Qjh94VHmSt6JUiUwh
pk-250,QmdjTN8XSZeGjp7FmU8WeGNGThm7xgQp8eHk8otsJsT2uv
pk-251,QmQZEaZcnohdvS2WSv76JwAUyq7Zpa1vAcWX71itoLAfhw
pk-252,Qmdj2CDD5RDzvXWKfRVLj8hy7jaDPu9UawrUU34X9y3hdn
pk-253,QmTxPiicsZAFrZPtqDh6ZoYZzMM3sAgA5coC6jnrUzANNg
pk-254,QmaN9bVseiwZAk528VdquKKrrVXYpn7GknAaYq2hAeu1GE
pk-255,QmUV76k3GbNQ4Yqj95K7TJfsicyTHA5LBDYZznP75rNHdm
pk-256,QmPYVttKtLAK5g9aRQ9JXY65EZjPrTbSLVRovp1LSiGDue
pk-257,QmdTrEKURYg7SRKrHTnRq7ax2iy8bDudAbMp9rLTMzFwcd
pk-258,QmQf4yY4YLFJ37mj5zbmXtzHTzmcsCLdRRo4KWFivusqVk
pk-259,QmVehHUW4ToXjR1Q5cPsjdEiqU1UFbJ33iusioo11pJbzD
pk-260,QmTnTsKWZPk48t1F89hpfxyVVcMkz6Q5aQYMBhkieHZQ8n
pk-261,QmQXzVA9sYGsruTGtnZGshdkKQqsth65B4jfudayah8Pat
pk-262,QmZhuLstQHm28j2ZPhoH9KRpPtHVcxLLFr6ZVPVSaSJc67
pk-263,QmTshTM3CAdFSn7PC89wV9ir7fnbhuFmmqFyQWahwJCTzs
pk-264,Qmepc6EyFaUtJq7tawsTJeoRjFvzP1aSp4kTrcMVhTviAh
pk-265,QmPUtEJSquBPNTMPzmbhgzrYVJbr1s64jRCg8bH5UFZiy3
pk-266,QmPk7SN5wjtu612RmR3ATa23gLHaxumPRupiAd9ytKdanu
pk-267,QmSSUTLsgH3FwrQ8AcNBde926MtPiNMyZQBpXxGJiPBqWQ
pk-268,Qma7cKz5UNvoku19n4ViMgQoc9znwd3XyP9zrdxDkDiHL4
pk-269,QmS3ZypUHdxNn7WTENLNKs2HMWgpL37foLhVajYEyDfp1q
pk-270,QmPvmrEH4BNezcZ9JVLAzhgfGcXuiYuwicAhH7LoM9Ar8K
pk-271,QmbU3s1BSCLRkLb3xqNP6RAA2jmrQEyJni68R5rLVdbnD2
pk-272,QmcSJwzHZEZj31Zb4xZHCrVDiYKDwpevYwHk4icDyoeQk2
pk-273,QmP3fyYsZYQVgSniW4zb5xAc4UTTjMnDsNmRdsDFiN6Khi
pk-274,Qmec2rxhXvRyUU4ey7tJwNUcApMaEQdAcLkL2PNku3Cbsu
pk-275,Qmdk9TKsBdjnN8uDcHZ1y79uN3wSz1KvvaDtDd7dAEbA3s
pk-276,QmdN8CzbyveGCMAabNkfR4ba7o8EgWcmyniMzmXf68Q9L9
pk-277,QmUws4RLbMgEsbsF3TocecfQikr4MbLujfPb1NcsJJBuak
pk-278,QmcDmnKu2K2tYDtAS5asmAABZdGx7RWHSGVpgW1z3jqcLb
pk-279,QmNSurGzXfw2JLYvfWdpyXisd6BuxGwJs3YLtSCmocivrK
pk-280,QmeRKqEPGbvkQHk8u6jGEWQ8tqYWkLeoKJYaTzxzG1RH6A
pk-281,Qmea7z1u4PJ5zvHT8GRaNHWryEChHZUtZDVr1RWDUjxMRD
pk-282,QmRVGjDt1qpGPXXaw3nQDpSNNa8w4mh1qTmt9rKTt7cG3X
pk-283,QmS6DRVotw4Wpu7CKpUsbHRF746nr38jT7N5ELQRkHEbaD
pk-284,QmVKZ4iaVzAR5NCpyq1DiMJ7REVMqfcuwdGESaUSAEN6qs
pk-285,QmeFHKscnCAcjcNF9qT18drJKSFJrBTNe5Mb6VGPe9fraj
pk-286,QmW14AdW367ywpc9Q87GMDRpJfidJGKykcQqKuS9C7kbzn
pk-287,QmeGafgtSEDoTXdWfHRMhaMC4iPvx4TAKEpHke72wmqiDz
pk-288,QmRSrZehAg2vC69p6BdKW57PV7PDGsmMLgd3c9VTbxtnuD
pk-289,QmcLuhDEFzKf8ZQxTGoX3VxVCJDVByKvb7BvT79JaXAKTL
pk-290,QmZAJmnDmWZfJDHS7WGxx8Fc8baZ47Y7h5pJ3gBe4aSa7i
pk-291,Qmc6xVSfpkaThwtpsJgXjwRSwE9CH3oCkH6tkmqvH9rHZD
pk-292,QmWcfN1fsbYLDEsKJ7fTAVBXzpVhu8XfVseos6x3xrxwNc
pk-293,QmZiChJxmixgZqapFesRUfXCMqrHETjTg6cbcGfrefWTnW
pk-294,QmcJC9YHHbzTCiMQATDC94YJ3ng8zURVxuA3N2qr4fpJi6
pk-295,QmbeqQKArrpk7kxoG8G4rHJUryVY4WKBZAAnwsvSVYD8vm
pk-296,QmSvsdStGAaxkgwSTmtHwvxXA8R35WKwhkLvZDzxHUtU3y
pk-297,QmY9fpDfuLqYkPREjJboaLZV7gN82arpiY6vyqaR7oYsh2
pk-298,QmS1ES7jHRSsgL57BKKFxjt31dmW6crGwkic1s17FUod2h
pk-299,QmcziiZtwoKTAtEFGzEqmETN4FLJ6faz4X13ZN33V2oa3y
pk-300,QmQTTTCX7GXP8PAfgtv9ugEsa7RVsSV1QLBBikrkP6N8Ax
pk-301,QmcJ6HesV3e8XCKPQwsVBRfoewFv66z2BSqFPJ8FRcVhW8
pk-302,QmXXS8vayKitULu9fqZoqv5J4kASypiyvN3uUXgndQ5QVB
pk-303,QmYKdt2E3EwnGVU7j2U1UKuH8K1QuNUzTgSDqTpoiR5TVg
pk-304,QmRSaypBdAHnk3rNcfdHsoxE7u3CpqbaCyCdeyiNVguBGn
pk-305,QmcX6qURMaLdRsEwnLyKzfcWtzVQGaeu2QefmLk5dtyLLt
pk-306,QmVQh6ACUCnZuFMmTj2C5ERxHpTDKVpHQHYdLHfZxxEzJd
pk-307,QmQsonmQbbKkFYCVks8PShnyEJDSyRZPLPSSd8GVixTBkf
pk-308,QmWevmuYVoyBvPWGXKzKwzimKd4Nvo7ikU4vjtL19zFFyU
pk-309,QmPwS71BnNQtYdVph3zP3MYnYxN8M37QomHr58qLf9iBoG
pk-310,QmThzLi7JYYTdefmnzwz5oRQo5V5QREosgFcQNR3dWGrYE
pk-311,QmTtP7eXkRdNnyKDMZdrH61XiWgUjpP5q3Wa2NeSGA8Tgz
pk-312,QmUKLxJ4SwevxMLeQiMHzWxnaDrNmNkmoKqyzJNwbooeQH
pk-313,QmbhPHHWrBJ8wXvUEjNnKaKpmSAPCgczHhvpNVw6oqxh7i
pk-314,QmQL7wd33n1i7iF9mNVfxzKXEuYq8BgVHSoocPDvkrgLpq
pk-315,QmZC58hQ7j1KfZpQVZAAcxvtsT5SrqKAbz8N2LQphfTcgP
pk-316,QmcYMF6FcuM5eGLZnzBGmPKccDBdVu6fQLcDmGz6hiuN6o
pk-317,QmSc9QKBD83LvRHLs7CBkFAtYmgQFyzkotEgTbJqxWnrxx
pk-318,QmfUfBqeRDzBELua8WNTJZN8WHhA649N2NFx6n4hSgnxP3
pk-319,QmWBc4jopi4PXqTGApsaFxJjmYeFzubuHPprNF9RnzDQgN
pk-320,QmX1CY3XvgDAp1n8Z1mW2qRFzUyGhRguMTnEun2724jeNf
pk-321,Qmc3MNpP29Hr5ZyMbwhGpoDchPv4AeybRXQCYTWgzCvFb6
pk-322,QmNbqPYs1AarbWrCoLzo5qaAY1QMDVbCUo3qKREurB5iBK
pk-323,QmTit7KbwVU49fQqhFnUgXXpuyRG8CrShe4UofVFB92WUb
pk-324,QmYLY78ETSTs2GjxntdguKMCxSrcRx595sH7DJ2ruRpJXA
pk-325,QmceYDkp9PMiv2DVShvTmPKe7zUFityQFcgfuiHwSrFZ1C
pk-326,QmdVfL1ab7JsAUoBgAWHhKT8EGvz31i8QpQXmNhi2Bt51U
pk-327,QmebK9ARMGLdfbQSY3u9eKWPgEphuNnUcLKeypq5zCS5Dw
pk-328,QmaoxwJN5mcRYbBwPY8CiuU2PpqPzt6operF7km2XgCeHQ
pk-329,Qmf1uWBCMNoo1TPcj88Fz8refW9zkNXAG89hPEEM6nS16x
pk-330,QmdZeszPU6UZupYadVmyNztzyd4CKk9yusZ48v34sTryyJ
pk-331,QmPKmuEnye4ecRMU1Yi4VK3bkugW2mS7Eg9CHeFjHsQNnq
pk-332,QmVk2m5iCTXXuo5uggvox4qjXfwSG2zZecX2DaruLeiesq
pk-333,QmY3RJQ8cSpaZWcLL3Sp1h2AZ7R93DpgxhoTvLcQEEwNVb
pk-334,QmXztqputPAsFnSnPKGMWL8WzXQVCsZdhEbm6jpw5zPTm6
pk-335,QmVZczkwPzqbeMSAq9w13y6bVdpLVWNgqDni1dGBHpdajP
pk-336,QmVLgKonJLnrAHaJwaM3y8KfTjkhtBSwpF4Q5q5p42hxxU
pk-337,Qmf9uQjSyhkTJbdsrKGJprCPMci7t1GEyYA3my7xNb37oU
pk-338,QmUp6UNHpAs74vwMeuaVw9QPkCN5h3P9mHb3gwc4zJknGA
pk-339,QmYiAXdgPaWFRALAr8eyLU6z2KdMhxS671DnoXpUsUx3yc
pk-340,QmQ7bm89tgX6njUHnbBRePsNm3mAi4oMsor4HxVLZ8TJfy
pk-341,QmT4sdUBXMKP79h49zApugEWGa2PmCXUsKqwgFhR24U7oV
pk-342,Qme7ptbaGK2nTwuQfcoiMHPeYhGyKXp3LYpk5QTrDgmAP7
pk-343,QmY3A4M2mDGfgJ1pU7DZDQQKaQpMpkKC8WnqHJAvqP466G
pk-344,QmXsQcWE1joD4fe2HGQULKfac1qAUWRo4VqBWNw6jDT3A4
pk-345,QmV8BDwDC8EuysqvF2LtBb6G3CPkvESqc23KY26Hi36nSP
pk-346,QmVk1YxF1GVYqfHqUP3qiDBHPcnU4oMz5jeMjHfZYyY1aB
pk-347,QmRQQpiDgM34WFoKhQp2KrjzRc8PvL8uNYsvR4U3LK9Wku
pk-348,QmcgJEBdFrMHTPxpVv86Hs3mmYBpz2kDJFinhfeRaQFcmr
pk-349,QmNvhgj4L6rEQzWdEFJr856BnExzXe98F9S4E4DTHf9ojt
pk-350,QmeNfLF2m2VNdkZkUaE79t7CTkKGJT48RcAC81PitDpSf3
pk-351,Qmemf4z3pXnKDQNfRee3xBdJ1igtXfKwmg7hWdei8Td3C5
pk-352,QmXju3yK7Q1buyuMndokrwuazFRQxx9FR5paRSZYTcAbPs
pk-353,QmYfFLjcASAAVRvXz3PVJvW3YJYKrPT9vDMfA65EZv2RVF
pk-354,QmZzyF2Y8i5y8XRU1WESCNsEQnbQWo4q7tw4p5fni9whfP
pk-355,QmTQJBCpJ5MEnypMZEENrd5doMDe7CuEWHDPnJndVAmdqV
pk-356,QmS2cHfkhKzXD75iU9JsLDxGg22mjJqbVxWUXitpTSMJsG
pk-357,QmUJnUUosfrSAmYeMeaeVtLvsjqtUi4UDkPXkz4wbwnDSB
pk-358,QmSSjTqeRTvcVXRd79VHdC1dydicoa14qnxfWPwD95GFXU
pk-359,QmNnfCUHWNPhVVcVGqispcMEVn1HRNRJmA3J8fBr6XMkka
pk-360,QmZkotKhRh5Pkj4XGPYcwLoV5DhF3UZ4z947tcuxWFmG2q
pk-361,QmZh7yJLA96X5LjEUkK7CewnVsbWgGnF3qQ3jxPCkkUYAM
pk-362,QmQn4fZu7o233jArDrnA57moeoMaCJmifUa45Nkk2uhkFr
pk-363,QmXFGqM7gDzojkAopxiLyCEbhnSGorDQMBST9pvgqBG3ri
pk-364,QmPnh6GAYDTaETLT1WcGvhwk19XfAmgXWkBydA11NN6xjd
pk-365,QmaV5WMfes9z1ZiBtUjUKDW1MdNfiHQfB5C6FxM2idBv1o
pk-366,QmUxj7bcgmSEV1RGpvtNNoTFCf8DJ9Hge6W9HviZ6Y6YEC
pk-367,QmNbmbqHyRKAd2frRn4XGA93NayvS9hctkETHM8KGgqVK7
pk-368,QmR7iiKJamnizuj9TRFhjc9rAxQH9hSu1AoE48UU9faw7K
pk-369,QmNPXT9FNQ33iaj1piUJo29Myo3Te6o3fjQo2pbFtQ2qPL
pk-370,QmbQ9A4io9ZV5QC1CCtgPZZLTFdGDp5bo3HrDCkBCbNUqp
pk-371,QmYkajDkAopTJhSocGipRSdprw44SSiJ9B8vkz5Kwi57Yf
pk-372,QmZE8ka1jiJUbrvcGgjoWR81PjwbVdCMaZ1gEZxh5QuJyS
pk-373,QmS5ASFPEn2rsaKVr8apnyxtg6Zgif6szSgT2PBBWgvVii
pk-374,QmTDcsPPveWR3Li21tmbcMGRk4wgXQce2Sc84uSpwDKibK
pk-375,QmbqYdSN4fMUM38QepzeYnW18GYtgaeXmsjWZQSCgCRbBu
pk-376,QmaniuHUyxfx1FL5PpQAbx3KsAMNByHhnAszLzpi7QjeYR
pk-377,QmRXcMCHU7K4YTrYD5gc9ZffycQB7oFY5MQ23WSuWA6sNs
pk-378,QmVGSkkhvWkkiJfQwBvvgtiMWcAkYWFrZjPQzMedouEkbi
pk-379,QmWxfAMhRgDsTmf9kjM8aTAV1n3CP9rtGoMAiU6HnnRXeZ
pk-380,QmVTwvWAEutKKgvoT91v9RgTRBtCxLxd3dtNu4fCbU6Qeb
pk-381,QmPghLW4kp1Sz3Qd5hjsiZCkuR3CvbKC24QStL9s9JqT3K
pk-382,QmU4YdFEK6kgFmUfkEWBSxtYU7mHH1zjzNGgcv7m9EyKkY
pk-383,QmSLB7gkQ9ZiK9tYmn29MJyWGMHsyEXQCtWYubMgT4ta6j
pk-384,QmZDYDUm3eUpixsYMPDtbtsLsKUwi2awkWNfofqeJaMSS8
pk-385,QmcRGH3VkyuVBQpZ8Cw9YeTZ8zTWDkVgRXyxvAw1qHgzuH
pk-386,QmUDaGyPDVagV8TLRXDGfVPrqwRqv2vnbwWrSmVHpWqpWe
pk-387,QmbArtpfi2R8iGet8Ly5jwcr2E7HdYg6V3tg2FJiwhJriQ
pk-388,QmQVkot1MraSeXkiRfZgyMv7hka5DWLZqxJdjLeVf32qdK
pk-389,QmXKaKFhYSwYwEfgrCJcdHkGFHdukfeFE5B5gdu5Ha9f7w
pk-390,QmTjSX2gqfNb9vTrJkSQgoGDWc3daAfM6t83h1GuhJMM1o
pk-391,QmR1kC9goRJE9EfMVgwPQetpUrcSxQFRudWSHeaNCFtJeh
pk-392,QmbgyhHLLifJzvfJDvcw4vdxt3pV8fpnuqbobVxmm5Ejin
pk-393,QmXfbYvbC8y9mtT7kUw47TgqzB3FG4Eh9Vo5hcDYhs8TbK
pk-394,QmZhYC5bQAkeixz5WkkxGjkWLzDes1dayevGLqiNq7b4P3
pk-395,QmZbSEw85EF3sPGvSUBn8Yhrk5G7Q8jqUGF7zMVCMN5RyX
pk-396,Qmeap51kuQsBoigESbQzSZE23sKzDkyDmcqjWc2ndmtWKQ
pk-397,QmebPqoKzZt3XM71xx7bt5WRGUijke6U5vgVRmbj2FCikm
pk-398,QmbjojVnAuedti8C5HcttejKJNRqZ1WWfPMZQF817ARCwd
pk-399,QmUdnWQ9gbZdkya9kzcZYsJ6z81ysgJMEfekoV7oUmfwGN
pk-400,QmRQhc6JAV6Fb5naLz9AHmnPyJfzWqNU2rgup7MyW1S2Ac
pk-401,QmdAawpGVExeNr38P5jKFFxdYeHqcivYhovkGDt1trcye4
pk-402,QmannFhpy5GbBgYkQDbDwjH8Ybb7scsUV7iSt8yg72ryF3
pk-403,QmVmcpeRRY1DH6LS4RKGp9Zbr5R1hHvabJqG2BxALGZZuE
pk-404,QmNirBo1hK7x2pVwtUzsrh2h2F53bZSFZ8ELYbiL5QHrP2
pk-405,QmfFgVtTsuzgigti8zox8qPpS99sxVp1GxEfzP8XrPk4dg
pk-406,QmZ5uwq4gieHpFwQ9aFhV8fM5cmF7ac5NwKVKeirgNPv7K
pk-407,QmeMGLFDtweqAz9zMp4Z9fcaFBUbSLDUrNd226mRnBxtzC
pk-408,QmU1ihRKN7MiDnb8w38fqNxZXRbPeJg68VgUKhgkjB73r5
pk-409,QmR6R7E69wFE2By33LU5NzAsWFCCva827TnwHgYXtWBxcY
pk-410,QmYzfVZvtqPTwTajPFP82B4drBX4xXCAqKuxz25FvrM7d1
pk-411,QmSUGaJHvvAk2uuA3fnAPRLLmgHF3rsbqvbFWjr7vaQo2x
pk-412,QmcM8bDzHAbsWhq7k1zddd9HtiBqRzZBPMGJ55KuoPDnbi
pk-413,QmVqZfLX5oNRFzD8mpQgSBw2c3cjggv2gQbLXUt4K82Zz8
pk-414,QmXgGuywJTDiT98ePvL75tQpf5MjqEWntAqC6YMU7HwaBH
pk-415,QmPPq7FHT1mdzCgfbUorBjWz9cxwYP4s2yru1RgTrvWKRb
pk-416,QmbY2vTn3XJR8kcgycnya6MtgW44VD1t24PuM6fF1UE9LW
pk-417,QmfNgQPzrjoxbbNiunAekhMiXnEVEfYUAAAiS75VpZpM6P
pk-418,QmdyixGQyXmC6Uv9JdG4FCMvKmsWzV8fLny4twT1PpRqo3
pk-419,QmRWAuV74ACc5YzYQUKCRRxWKnbDeUwRnR9d9D5YBjqLoT
pk-420,QmeyDWWM6LBRZ6dcsWfSuuY5ZwbwTHTVeAH54SJ81PfW4H
pk-421,Qmb7VGn4FsEuE8gxUvX8snNpyZBNsncqQ5wX4EBnjv11E8
pk-422,Qmb5gR5P2WbLALYiBAx9Mi4vd5fbFMgpPiZc5hg54YpqdX
pk-423,Qmau7VXDMJQHj5hFara69agy6zJpWJidksMiedj2B7kaQS
pk-424,QmcJESdA6ZD6MPMkwr7iYkutK4i6PFaQJaXAFvVcrw11io
pk-425,QmPwxJZpyMB4q2JZAB51g3VnvCntbvFmkz2ibnxXsFCTpQ
pk-426,QmeoGyr6hBCeeWwaC2VdTcARyRhMkBLvWEfYB3Y3Uk81ua
pk-427,QmTF1wgq2Susng4cXx9BRQ5TfnwawKMB2z4MuDU7qVcRgk
pk-428,QmUwB4o3pt1spfmW9GDFr23eWPc2mU9QwgmyqjyK7c9JHA
pk-429,QmWpHdZey6KaV6eyofQ7QSARwp9xSRHziooLazY1BgUrqs
pk-430,QmQ8z7fQz4keLK1WCkpTFoiU1ASGm6UeUSMDiFWKop1UBr
pk-431,QmWGgmaypJ9HdXTCbp3RAgWtUCSX3ushPkY4W2GvGXyNtx
pk-432,QmT4Bq8w48o31S6zQFVm1AU75LEkasPqoFintG4GsXXw3B
pk-433,QmeEadohMNPZnxcNYhd6p6QoAKuCUBiHcRcahqTK7HGnG7
pk-434,QmXoLU9KowdaigPAUJV8kmTyybiY2okmLkuU2o9PzyEYD8
pk-435,QmVVHw2fCqFPZVAmgaGoeeA3MiejzAAuAbjhD1fEfDp1LH
pk-436,QmP6w4c5m2uRrk2eWw5B8XGrLyezu2EVEdCQ7jMdsH4XCN
pk-437,QmQH4rMeC3m8r9GtXoHob79W9x3Kpte8X1b78y3HDswrQc
pk-438,QmcActaHB5faeiiHRMbTBrPFbKyrFTtvkmAyX9n14kS6VK
pk-439,QmYMhxTiQPoFs6n7qeYSXPGKkQmEK3uLiAFJivn2DyhH9K
pk-440,QmacdWqyPXf4BiGByYTmdetKtnM8CqbC5cedNSik9isQTd
pk-441,Qmb6PnfKX1Zawhmw6tLwkspuxjnwbxW9RbgTKC1hftXrX9
pk-442,QmRC2mVEQkfkeVAD4ZynAocxjtj73oQWSxEvUwuFPtMXDG
pk-443,QmetfiYW4tSvPbZsbUWKq7s4vLNdLBjqz4M4U5yaL2ngTd
pk-444,QmQfaZm1wnwryAyVBhyiwNqnff7DoQS6xnfUw5JzVZHa6x
pk-445,QmRMWQZLTXu51LDtvRcN3KfNVsywaJkV2T1w489fZNDUAP
pk-446,QmauqpWcjJVcBcv5DwkhMRwxJib5fLumZinQt48qBxYiyQ
pk-447,QmNjQFHibJHzJFiXgHpcPGTWyqfUguMs725MnvbG2X977z
pk-448,QmWWjz4JZwy57byNHiqJut3286Q6qtDQTcQDFTGJzY5Wkb
pk-449,QmWpe9uRj1ef36CyvXMnX3yKSAHyi3eZStyiPqt5rStS5p
pk-450,QmWshcDsLgAv88QhoD1UJ8ap2Zb6Kiy8jiBBYooxPQzpD5
pk-451,Qmf1mwVbmaQbxAUmE7V1XQGN5C4jQjUz2uXrwktgzbAT4U
pk-452,QmZPoykdRoixMJ3PiY974UnR7dcw46PTpp1ZTVVWAbjQ5g
pk-453,QmY5aPZUy5PYi6WWiRmT7tCzexd6TiT3ZmnxAtBkCMMomg
pk-454,Qmc3w1uzYRqLJF7R4ihsGJx2kj7vGLSwSPegfNWnh2wHut
pk-455,QmUzkoNuMimdHazEEUvvaqNJAegJMo17ScLGRzQVjKuYYp
pk-456,QmUH5QdHNK2VFZfeKmDUS7VFZs8BB9hQsgZQsZ6q9gq1SM
pk-457,QmPbdDTkzgp3B8Gm63hw3YqBy5Q1RNVkPRabvMMMNbhD13
pk-458,QmaiPQmfTSjXRBz5TQn6HmWsqbLKRhHJBuQpcE5sqYjD8K
pk-459,QmdYWVoXyfzVWUtjUyJ5rJRJn5PDwrTtddfM31taHqLFph
pk-460,QmSUbQTNpMmhXth54CWyQDQaxyVuCD9eQzj2D2F99dghPH
pk-461,QmRqmCQKkz1XddtejP24hkwvY9i3w21ZaZzFeJt2qfN6oK
pk-462,QmfUewFJn4T8vw53F5XyS1WVnirxDHoGaSEMmMrnpM9Nr9
pk-463,QmYaa6hjuFjH3V5LgEbTkDd1xGXahWUkrPNv4fUjfpexBx
pk-464,QmZoJiBTrdUoSt4MFw21R7LRTPppAc21oUW4eHEsMmyQz2
pk-465,QmXehPQDAwwmKEsuFJcsXfvgyXxBtSamAtMztnkB7NZSrV
pk-466,QmPZJbS3ZS7aNpWd425L4Z83VWWY8ouNFTMKmV492UEHjW
pk-467,QmUSs1fQ9R2pSDkD69GEgrYmtXzPQdYUBAEjZTqXuXk1Ns
pk-468,QmUKhbnjSSRQpVFHh4FVkHCG1TZ57BVaj97b7EnB8TL71Q
pk-469,QmW1ipxYNrDrwg2o9GF31c1MXZy6trEpE2CPXsnjaEty9o
pk-470,Qma4NMjzdvt8dVAYB2A9iVY3bC8DJ9touuekkKt5rZkY98
pk-471,QmPrtAU7wYMio9x92PqVfPpxvCUtGv45Ka6kkwV8PJJ9uR
pk-472,QmNMvC3zQWbQiihP814js5sTstQyBASGLzAJ5KDyv5JCkV
pk-473,QmW8UpjRBCkKkTbRhoBCFtnZtFDQ3HJpLgWdKRQt9iCrwX
pk-474,QmPbXT97D8gXKM2Us8yjU9Z7Zud11BLbUDqWBwqYDfZKLd
pk-475,QmdQB3FWpzsoNrvBJcvjSc5Y7BQTQ3a3bTn3g8ewp7vFrJ
pk-476,QmXpowrMnKKkm5j798HdzG3Jf9nruHcnBjZhicgn2dh31R
pk-477,QmVuKqxb97Cg7WhZrNieSFTPxDr8T7iMYNbrZiMkmbTFWH
pk-478,QmeMUxhJUD9NyFvMtquBo5YjsgpYmzbt5ik6jEfc4m7QSF
pk-479,Qmf2gJF5uVrYPPMVUjQzPAKj3eiDWUURQaezb1bNYY3Ykb
pk-480,QmaSranotaGZEyFW4UTa9vhw8JMF9DUBvMWJdssqcTiDuB
pk-481,QmRzNoxYUkqnuVabQS9WktjMPwKjQfzA16VrnM68ZrxFVN
pk-482,QmbChuESPHiLaYnRFp17uiw6eqH6wk9HN7s5oeVxxt2Ysf
pk-483,QmY4838vDhW7eVyiTR1G3BB4ZmpmLXFiBYieEcaNguDR8k
pk-484,QmQEFFk8fYSFQPAzofzemBoeNWxhVt1v2iLgSXnQfcKH42
pk-485,QmZYpYDTdZudUHwmrghQBiKKk4NjjBF2ENZgxRDwREkFYp
pk-486,QmRDq7Jsx7z2sG9jeRaA75wmoKQNcwzY5bwDnk4rGL7mGw
pk-487,QmcEkRogfUsMVsXppvMPHbinx6Yga6VDPs7MQR39DUKN1Z
pk-488,QmYmQZyDx3v1CxXpMM4y7utRHZmtPqgr4RimAeL1iUHs4u
pk-489,QmbN4cq4ijmM355WDZPUhDdG2tLtH2pqGGtKLT4YyyKSmM
pk-490,QmdYQQBTvuQpKNEqvLUxxu81CSAovVws1jjpBhAcGzCHJH
pk-491,QmU3kxMFFk9aczDRz6Sze3a1pJ9hGY4aaCCxsEaPS9RSci
pk-492,QmQjWG6XuYUAj1VSsJZ3wgVHVtzGHmsCwYWabraxNrD61p
pk-493,QmcQRtJhSeZ4mWztCSMY6JFdqmaTjhvFQX9evtrxA5gLmH
pk-494,QmQAxxcxxqVYNfRi54p5fPEoKNuajDUJye9SpQYpBk9JpE
pk-495,QmPWYKM9u9Spmn6oetM1qMZ6U5ZfifaeUvYZA5ZkAie7sc
pk-496,QmVyiW2TkhYkhaJmc23bXfu9B8A6rB4aJzrhvC1X1uqqQU
pk-497,QmfUU1Hd4sE7pKA7TDJCHS8uFi1fM5AcUocooG7yuvJ2YB
pk-498,QmaDB47FBPhFAhCbzkpmuUBS88Q2Sy6KQnmmudnurvnuD5
pk-499,QmcjEfYmiskDZ3wiia66mb7dRMEdV7sBadcLLEJRs7cT8N
pk-500,QmeZssEdRKvLsLcJbR4A9s4EwgoAHh6b6VH6u3mJ3bAgSY
pk-501,QmXffMpxi7Zb4Wqc9dTXD4GoJmNazrfur15uFUybKXFr7G
pk-502,QmPCB4abZpLGT6oJdrn2LWkuHED3pHNdtrkTdEJRV6RQPG
pk-503,QmUEwrfose8iSkopcwTWyHRrQKEJ4hMoJqehYFvf44HAwg
pk-504,QmSeyb6LU6oigxQtPqBNQqA4X6QwpBDJrcx9Pq2seHiwd6
pk-505,QmTATHfZ8pY5b14U1LBqXQDDR3USdtmcGpxvftQVPaXffs
pk-506,QmUULMPWMqFsXyqGPWossYDZqUo8RqPW2J3CgKywXvY5B6
pk-507,QmZQTBxEbM7KNMQPMR8CwDgPg6MaNNw9XQ7yU5XSkKvHJ8
pk-508,QmZGTsbVsymmtPQRqtgp2HVJnmcLdMqu1jsM4QdgsBAF65
pk-509,QmZmWX8Que6gCbywh8dN6AHUpAvsNydJKhjbaVWYpHTqJa
pk-510,QmcgyjScrF8xojKcTUJgHJDD8S2y6vbDbtSA7f4458y3Te
pk-511,QmRgJBrnZk9SyVZXgxE5nx3TcSftgZ6uuXvNhzqTLfZJXE
pk-512,QmWPXJRHC18LnKmSLPuGuXYZRD4pQfXXvdQLSwXiqT4fQC
pk-513,QmZhV2c3Ci61DSFAPVnoXRJPoDzFv3o9dx1nVVupJ7nnbP
pk-514,QmPYVmKyoUgV2eSJuuXbNXNaXihtQsvvyRj5msFvEGY1ot
pk-515,QmUcGo35mUMzs2SvjNBShpzeAnjwyBtukZHvkFNcf2rrQW
pk-516,QmeUoh5QsALBGJPcZMn9Joz9YpjtMogKswCmsYJqLDXvkb
pk-517,QmTiFMaKbevPkzynSYSioEhHYwAVdmvPb5a5LdY6wR12QH
pk-518,QmYPL6fHo2J81nkhKR8wfoefQwYdGdxsBoQ3Nmedi19UtK
pk-519,QmeRrXeq1CucnTfPuXTx9uW93WChwLgfMNCRo9JzgZWcRb
pk-520,QmeYaMUgRETjTrShhpouM9iNwMm9hdPZYbqfr2xGrKfGmF
pk-521,QmchmKTKie1LFNUJkLBLD13aKMw4o83ihNUzYwvMzgozTK
pk-522,QmWrUdcLTrpBrWTYgSRNuSm7DUCDgQSHPqktmgqU7xY4eE
pk-523,QmYRszoeLnkPgMT68KQehwGkQJMtj1PCaxhBWsKVks2fjg
pk-524,QmUXVqrLHxtXQRfnLpKjvBLjxe15UsGd93rpQ7X8TX2J6b
pk-525,QmXnaScUsPy7oGF9pTEfrb4kj5tQz786XoRSUgNfpcXeBj
pk-526,QmYLagWGzDP1JSLo5Ere9KzFfruXuGnSHRYMbN8ztBGP9r
pk-527,QmfAzbzc1PqAAHdccrKTGyiNeM8wyMPJsqZ58KBDed7pFm
pk-528,QmdnHq3fHzecYx63L6rF8jKqU7KZfYwLFRBzRuAD7zrVz9
pk-529,QmbEAvEEWazZyEe6kKZ5s9m5hq25CfzH5HEVG1s9Ae4WFr
pk-530,QmXLHqiY1SLrCyu5eZpPAjfrH9WBXVjFF83tK7VNjmX9cB
pk-531,QmX16MSQpGNGaRACx6euWmUjyu2Avx4N1n4JG5ois2EEgk
pk-532,QmXFbwP9Qsq5Ry81PddzP5w26Mn4zj2EmW7x8HQk6kbzSc
pk-533,QmSLaEC95ckFwNCLoAh1bwRkn2wwbGXJWrKZpFwKkN87x1
pk-534,QmdJ2jyt3wYZ3p8esgGzPvZhye6H4oF8Hg1E2TQ9nYx1aU
pk-535,QmUJBh2y4ZCyXQTYzkSgQzLLXReQTRZpCzm2Bpzp5cdEes
pk-536,QmaxMRiU6u23DCqdEBkYKtwYhUvSN5q8daZCrddtQGJ1Nm
pk-537,QmXCCqGrrtVDJpW7wPd5YvRjEXBWvgXWy2LTS1j2BsP5So
pk-538,QmNWhCheeuyXRRsVcUZUiXCqbzqoEW8N9wpjfn7JMjsTEE
pk-539,QmWfxvoZtZJZkm9hayYuJihXDC1kXWXar2nFQ5WQsyaJRu
pk-540,QmXciLfJrkfiNmDkSfFmNdFiXwMRSvoF1hGLTQRP1N5ppM
pk-541,QmbecNZFR4ZLPsiMzQY67QkGn5F5bKH4c2TLEKrFeNEhZy
pk-542,QmVXTPWzUTsG8Tm8t4LjonGmbzZ28Tq95fRZAYJxVg5iCf
pk-543,QmVimcPZ6rqQehpEVZ4sRMkRQpzRvfnUG4yMgvY4MTG8SB
pk-544,QmbCjHJVkLpTvBD8CCHatRbni661XHDx3pXrwwHo94Skm2
pk-545,QmTjWX4nbhR1mv8HGPckyFJpRCr4kKTgSEGdkpgR5tpLY3
pk-546,QmYJ16mqi34cwn8rkJM1PDqVnHQ77UmA28x7fV6TQRg69C
pk-547,QmVatNXqXyX9gFhvtGkdKBpZPxqfFiJjp7DtQD8NZc82Mw
pk-548,Qmdp1bRA2wsvXmS5TJQUevyx5FkWq7SzryuVGR8WgqPaWd
pk-549,QmWxqkTQ7nUiHvr1ebSzo2sw9jWb9AL8gF31jsiHKrBkKE
pk-550,QmdfNP43dhoV8dbEFhLuGCDV9akkusGCZJRVLLkRiXr73e
pk-551,QmPLtkVpEP98hhr6vAnFijmQzFEXC6t2vDmuvh3ZLXeAcE
pk-552,QmPqUzC483B5iky6SVHxUD3S32fL7ifu1eksoPyup4kv8y
pk-553,QmdEX8tnfu51kkZMKWCGsqXCVzAxR6xcsMH8xRnRucSTGC
pk-554,QmVcYSY99u362DSfSG1usoB9JvwWYsgi99x5LefJCewsuB
pk-555,QmVbBssiNYBb16AjpVRSXxVQAY8W9sRjYxpFAmstpfXVAA
pk-556,QmbzCWzzY9aweYnXKg822sq1411nSEczon2czQKW45A9qR
pk-557,QmYvcK95PGWFw8JR9p3bv3uBZorkKMRPQciQc1MEnyoGV3
pk-558,QmYLy2QqEt5HtckRwwAfzkRuMWuihycCykzHKeprvQ4KCR
pk-559,QmWsBQuyWnnSeFyLLoerb6Yb1zNNGwob5toUokQXLyQuvB
pk-560,QmPqPpsakFPhQVwBEGQzUiJhroavz5SghTXcPbtuAiSGJJ
pk-561,QmShKgNizUj6y1nYijDdrof4UErqVPqqWpQGBUsRzmVYra
pk-562,QmctDyEihh3LQqN6AHqv67rJd9wsa8Lijpn3jazdJJW55Q
pk-563,QmfSW1X5FLv1kWfCS3Z3kteRjFV8idV1Httiq1tqatTpF7
pk-564,QmTPaDJALktBb5r6AcSBVgP7jSGGDE5ytCiCXxqux9qyeH
pk-565,QmZmaEWkm1gUPT6341s5Ly9P5cunH7yJdevUjXAgWefiEa
pk-566,QmVBeeGgdaFhsAiQC75YXUa6mA81r3hjrxi4TagbHz8ZW5
pk-567,QmQrBuFLkvcF4Raf9N5NXMNz5Z9aK7wFmfWPcTJZxHiZp8
pk-568,QmTj5FeraJwhKotfNBthwtXkJWt8vZHzUWxksUsvDyEHoZ
pk-569,QmT3XiCkYB44nPvggMrjiMGaUHhappsZpSEe5EViGbcBWb
pk-570,QmVjVT2SCNG74Zwkg94zgNta58vPKfJpgn6FJfNxW8D1VR
pk-571,QmSr4XKXkGzGuP6RvXihwnC9dVQSA4PZTMtTwJyQUSbcBr
pk-572,QmP5cN53YUGHj7bYkCEL3UF7gi79HM2JPhUtmaQKMLStBU
pk-573,QmdVadu78CSZcraUSH8RRxkey6V8Zrx1xfAf3fP6Y3g9uQ
pk-574,QmdFQDBAyX5E7qHphbSTzBsDTG3q41GeDLF6HcCRv6bkTQ
pk-575,QmRa8gbr38PwNVJfvm56tCh1oMXbhHLfdEfV95VoQWLnoN
pk-576,QmTAGXZ4JW8yTFts3Eu5cVvfYJADL2u7kBkbeJ5nS2rJkd
pk-577,QmS5LssL3AZ2aLySskhWDRaijQDtyeTCXJavwjLW5QuULd
pk-578,QmU9NLWKEEirHiM74N5DdbZSMqinioj5JE8eGzhp28den6
pk-579,QmWBC61FBNSd24W8FwQ9tCd4w1GgMGJ1azomLmgAH7KFrE
pk-580,QmPyNhMmtFZVkUWAmNizBTyUG7QDWSdnm5KVLtmPuWgCMT
pk-581,QmXL7aX9vh7rNCfdEUeRymWzArGBTnDosmuCRBMj95ZnYN
pk-582,QmU8Fh4wTWMP73EcE54X7ZcPWZGxKeFfNUCKzdi4YcpYfP
pk-583,QmeoTmKDHQWKXqwSaQUaZH16rKEcxLinB6dpwXzYxWnoTR
pk-584,QmT9mrC2u9xcDaeUY6jap2jCL21oAn4Q4Wc8fHRXUkPp65
pk-585,QmTrh3RAynsvrsJXwm8A6KDK91adktLfmQrAqht7CmKf1Y
pk-586,QmXdVurJNZ6JYGTbXRwoRinD7DN4fxhHSzfTr4Xoq2Y3bz
pk-587,QmQCtHy1EJTxdhXqx15QM5JCV4kJNdoCSSojdcHQnU3Xvc
pk-588,Qmego2Kvu9nWkXdFZrFa7XGrbp6JNgfZAt3wzBBDx6LnAs
pk-589,QmNhH9v25fF5VwhwSBXxmPYcbHhcMHwLyeGq8ZxUiECzFS
pk-590,QmfUdp26X2TgJwCvxqS1h1cNRdQQM2ogGVDZ1YWmQBmgRe
pk-591,QmdH81B1j1k4KhrhzaWQijfVUuyj1v3Vzt9CCoCmrNer76
pk-592,QmbZWkkW9FmCeeHXigAmf9ZsyHXnpQ4zHVjK8SCaenWSe7
pk-593,QmbxiHQvFwRZ4NWpcKST1LeWR4WKkXzGp7qgfHEBaXAaDP
pk-594,QmfMNsAyTjMmJPVzWdWCYAuGzSZv5J53jr5HQKLvwXC2Ko
pk-595,QmSEd6muzjDqibmapeDmFKMfGvuWRnVBCVqsvTFNcdWxdC
pk-596,QmYvibqtSf6wnPQj5UZhY9P39nsfT467GVbCYuPT1pu57w
pk-597,QmPTSURmCdeJ4eKj2eYqxfNpXEUby4pNfTreKcDokGX8en
pk-598,QmYE4L4LswrJn2LS2BSQHydYacBgqWjxeUXZ8XZb1yNHL8
pk-599,QmTnoVYw5RtKbrJccGtchuHhrJJVetXwMDfeMvsLkQsYFD
pk-600,QmZESRa9XHSufNKGoXkWxmjrJn6kkuQP1h62t27YQK2wna
pk-601,QmUmLwES3br65jLq4XQVm3q6xyjawkwGYdNJWgQ7LNP6oR
pk-602,QmWzzBBe1KmPj6nWchKrpM25EvDCQZVvDEaNpy7MDtHUjQ
pk-603,QmPFbYY4mhrFDm29iFnQXxqZUn5cLTWL44SmyX1HfH4Gs2
pk-604,QmYQRKuZED1QuEZoxSyfGHbz5RE65tssGYgVkJa6kBnF5d
pk-605,QmZ9ra4tGFwbfKatgNvE4dAGCjQoBN6xG4ivvNP41aDedc
pk-606,QmNfsN7BGZZBJ55DzqJKJ1NsrwcvoFtGFKRfcb9t1wQAiz
pk-607,QmWiYVP5h9KAVfBvVLzyCpyC7QEkBHMjPDRqerGVQ1FHtw
pk-608,QmX3nx1YNsU2zKwBueZiWmYAtDJdfJHnWDC4H6vhrGbpHR
pk-609,QmYGAxtgbiqVBQMyDb3hwfciUvkWWttqBEiNeKAt3THam7
pk-610,QmRpiMYsj5wSfzmGwjS81LJ5aYtXPYRJ2rrsZiDFFjX3sC
pk-611,QmQUdfSxSVMB8VFd3493oBQvL3XKaxPzuEEQGopxmurnkj
pk-612,QmQAgESGXCaJbZn9712koi3a8WQAXeicAhyckDs8jRmPCE
pk-613,QmQrpvJWGEoPZWrB4DuQUV32diSWVwKUrFBLjSsbtjZPcY
pk-614,Qmf6aWBboBzaqgRB85jdc9Qwso7s1zc1FEuiFqFAwEtXC8
pk-615,QmWhnVXrLX77v12fcjyJHAMQ9fBSqX1sooZmraVSSRVWSd
pk-616,QmdyzVs37GCxgGjboGxCYEHj7TihmdPyyJrC6Fa1tseJzH
pk-617,Qmc5xLxEeGS5jaQjAjzyxDWMiYvT1swqbxESkDmMQiyQ72
pk-618,QmTgcxmoBy1pxZ1v8PmST8Do9rVMgJFHjDCmksqjxxKCVm
pk-619,QmS7TTWwc6X3hb7KTKUFCA5vUHKFE6hxWSD6gAkMbGZ6TM
pk-620,QmbvigJdSTs4eRKxH5Jv4MCgTFu8hym8oy4NsnyZBPd79M
pk-621,QmR3hZSrJTPbwZpjNducxtg6xwxAiFVEnw7R83HSiqUAvX
pk-622,QmQdDMSuShD6XJSpLgCi8WYdpDfZg6XC9HtgKJkEVcswDK
pk-623,Qmc3tZCRFPG8Z8BB7eNE8EoRqFDZXrVHVBV5LL4geaLRV9
pk-624,QmfJLegHMn9QQZRkhbvtiVxywBbos8Q6X8vJZMaXSLjcFm
pk-625,QmehsXLG7vEctzksGBoiSuLk43jn1yL1Q1j5ge5GbHXyqc
pk-626,Qmdn6HjDMRmp3Cqdfya3YjQc3T8bHVjNyFmNwfkxc3nxHJ
pk-627,QmfGT1yi4VgME5Vrz6pE7gHGqoiLm9wNUCSY5MbcBkLhgU
pk-628,QmcwBQgBr38HQAWiSsweriTKRGZNKCfMd4XSTnVJhEXjuH
pk-629,QmYzwPeG8xjJ74UrT9oVnNMCqXc4UvbUPXkJUFzJGmZ1bE
pk-630,QmXVKqUVvmXemtoC43MjCyLUYGnr3fxrxLgCaM6VBoqrhH
pk-631,QmUsnQB8UoRGchDxr71DzPvuPsPZCnAF8iofxkD33bKHKf
pk-632,QmVNuZCR446hHhV2Q34Spm3DC3KHUrnbvcamtdDZFsee7e
pk-633,QmRCuxLXqsN6R9QWw5eNN41efucWNy6yiD357nG9aDBas8
pk-634,QmdnyPTsBzvcmpekEiwtjQbRUv4Arb3BcVvnEWNqr2JZqa
pk-635,QmWLSxUN3K8svmmGXrnCHXLPQPDzxGVoMduKpcscK5SJNu
pk-636,QmUi6Xjb7XdNJm6BhK126vVAkY37diHV6R16EKHtFZYzfM
pk-637,QmTkN74CdpUXSRVJgWKdr7qQMst9VqePhyvw2g5yk7rzJ3
pk-638,Qmb4CHcyWYpDWQmMVrekPE6pHHXoeDCKPuxLZhtmk3wqwp
pk-639,Qmcxequm5GjsFCFDm14coyeF8xVL3F1ygLUav93tn3YGKT
pk-640,Qmf79RMr7mcFAehNaZAQqmm5oqeZN7LYEmiBpZbSh7zgXZ
pk-641,QmU9yj7zTHYAKANvzn48QtEoFPrRKYVaB1U15LMjY6zbLR
pk-642,QmVd3ccS1HkMj6VPZpy2Xor3wjcWv8B5G7vK2kBLnv8rVu
pk-643,QmWrJHjEnWCVffmeHdcwaSLTADC153EkGorZPrVxLPqics
pk-644,QmVUFBetb2hMr1S7XafKuMc6kntH9TitPrBZgVFCCo4iZx
pk-645,QmRnP3useWnjpsL2Y6va5n4dLu9H1rcCs2b7um214F7szv
pk-646,QmPZEBiTqqXxuFx1X9Pw65KGbSTdukVM1hbSAT1NVTfunz
pk-647,QmSd9ETi3XZfmWY3AiZwHLvUXRRUytjqYVr8WjzgWBm5kC
pk-648,QmVdhVgmT1YMddbriGa2P8BafQTHUqkyvrpVcRKnpgACwM
pk-649,QmPW3uWDHrMSz4niaESZpJ6WaZ9MdjRcy44NvcGn5hfNje
pk-650,QmPP4YZny7U1bE2vmPNwdebQzaBGZ6ckckZz7VLYFsfMZt
pk-651,QmSkwS8arDXbNSJvPzq3QTLpUn4vD13HLHn6HMnDzdE3pz
pk-652,QmTXLRaUp8z8Rx1k1mxMmn87kDWbaHdarKEiLiMiEfs2GP
pk-653,QmeUwweKQfdQbcKMPTLJmLmzBRFaUaHGvFtNfcrRhQPhMK
pk-654,QmSAsguQ2aWdzyAztUxPukMEGdHE6AcZcjyK3ZZfpvMPQT
pk-655,Qme4AP1L1ACdXZHptE2oY2okq7XYYTFuxDeSWGbRMfpuqS
pk-656,QmVKxaxcPtKb7hsRHc1HeFLht7acaRmf3dGSZec1KsrEbt
pk-657,Qmd1M3xHuidYKEwvCtybJAXXSMs5mBcr5Qae4ZEqkYxnQX
pk-658,QmcKNWiyHLqj1vEgZ1gxhWGWsbGjTRnKf7jNJueCbCPJhS
pk-659,QmfCUSfQPRe8kjaGKMrRSf2MCoeVUnkYqfPuhVTogtPm94
pk-660,QmTfjH4ujVCEd2aq9CNCprh5pycKBR2mXeuU2rdr9pph6J
pk-661,QmSsVbxrxeC2SnEE8oKdRPcQN7T2dqosmJ22epF7rVWn2L
pk-662,QmUAbuEPZwYfbHyhmjcYbzKUmd24Rn1Z4pe8bEE4GL17Qz
pk-663,QmRFJq5Af2sJKLSSthBwngHp9x7b8KFURo43GqbpGY2sfn
pk-664,QmexYEqhdAZurWGmsiaHyjUydJwXjfvKf4utisoENoPRNg
pk-665,QmREYHgiYzjoTB2sarmrspd1LYB9Y1D8v77qvrYAgdB338
pk-666,QmWVNmFntC2qafzgXpGPcy3bJ4QWMTLg3vVBhoDRfiFDT6
pk-667,QmNou2H9RHBs7efBa9xWMEEZN86YN7CWZZiF7roTkYQBEr
pk-668,QmcNZ1eiUN2wzhvbHsYYB78wjHyYx8rUXq7aPXa3m5jjP3
pk-669,QmWSeiW8MzP9NmXayLQarPHAyVXotuVLzL39yMqYXb6rEh
pk-670,QmPafrPiF9j72jPYuq2tTpWxi2278TQ8YvE6aZjFZ3i7zy
pk-671,QmaBS7kq4iazVZPkN6dhkTbjvF9yj1xmqgLwKdMizrBPz9
pk-672,QmR6ATufKt2Fo3VLYpDzHrapzL61U3zuTmx3NVtEQPv6iU
pk-673,QmZ9vNNVVs2eVHkUkSnE1CikZuStKpY6vtqa8Rw3SsU7U3
pk-674,QmV7bcfTNvai8TQU8BBtB3PsQiLWkEWbTkyqokgUagYVnf
pk-675,QmSbb9haZYPt6HHNypdtHcq5j4aT74EiToGh5ydZPTo7Uo
pk-676,QmU7YpEFhC1ma94CQeRTacrNNu8kXRzsjXp2QH24GpeHjR
pk-677,QmPKZ2iAnBSPFzoAs4TCjEoCAwi5J7YStLYwGTrEvv91eE
pk-678,QmbLjjxf6KfiVz4KyUTX8J1gNih1BfUnoEXKwATKVQLQrT
pk-679,QmWfwpKcaLjeVNH2i8cEK4Rk6Au21B5kUU6LQRczUgJrhQ
pk-680,QmTpoYJ137dGb49LAc45RcDmoVTk4YiMh6RZaSsroD9ywM
pk-681,QmdEQgonyRk86uGUxjgHVa9ahkJs4gaLTgtr3S7KodQ6RF
pk-682,QmPurHRRJPNTAmz9jj8bkjUtq1Tn8esxRcPpD8gbK5FuDk
pk-683,Qma7iMeMxfxJqgjLZAJnvKxSfJvmr3wGzePbdiEiwhwL4D
pk-684,QmcMPdvtCcQw4VGV5AmumX1WMEU14d8B5ipcC9ZneLN98p
pk-685,QmbVvtheUmdZGcaM4nT8wqCYCbBaSETQzqkvDq1tpK7KBF
pk-686,QmUmzjWqZbXM2H7YzajpwfZgw6hESEMhPBynkZeSiDUsBS
pk-687,QmUDgWfHSCnC7TvDWSpWtS9hMvYRPoZQA3GyVF4hYGQyAF
pk-688,QmSiuJgpuCco7Ep426137j6A9HAabhoJRgrdV1U8zJPzWG
pk-689,QmdkKW4MpcYGVmAz7DPWNrup3j9JLon2GCS2Tvkhu23X93
pk-690,QmaukUZwtD6UvGYnRxWmyEuUzmZYk7JpUBeKjrVrbJRABi
pk-691,QmREdcx2vEJzWB3gNSBLscaM35rzcyP7YnNBVp68CWzugW
pk-692,QmcWYd7mJjyTxX4JYCKviJQ2g6JrvV1mkogDtWPWP6p7ZK
pk-693,QmWZmvFSTyUxBLpJcVEVeUTceQkjHRvMncGHTAMrmD8kv1
pk-694,QmPZfScnJjr3ueUF1Rj6a19Vb4GEMsmUK7WxAbUm91Evbw
pk-695,QmTFzY9H6QKzzq2tKNaogSG4f4fPJz4y6f5MWCeyCrrYKQ
pk-696,Qmasb7fiCR1vrm41i5orWnLo3wGeCTQs2mTSQNZimDXxYv
pk-697,QmXeYayDbgALtXF2WZ1jLF2wbgompqNwGXGaGgpAHCTQeK
pk-698,QmduB9qYyUUSWZKV1cMgRHADunsyiZfu5JXqJ2ByiKCjWJ
pk-699,QmT34kCfKU7rtXUjK5WBNRDKBhX3smFsWMAtcA2Dzf4pRz
pk-700,QmWhwhXAEwyccD2Lmacw52KTW2bYd27i9fpj6SoRJeEyFp
pk-701,QmThexHpmAi9cEhbiYjdRcZZTSKBNnQAm2idaZDkLWZavv
pk-702,QmaLj7fTna5kaWdyMCeegLYjWyDoLhifw6We934bfETrnS
pk-703,QmUtFxPCbQo2qHLjZFhreFV7JVsAPDh89ssrqE4qd7HNxA
pk-704,QmYVYZC3ae54E3MHaPTbu6N4zLs7v11NDMpwjCATqTKbSK
pk-705,QmVJzQ8SPBBURRuuxohfvyAWb4jej7HM4zZRA54otydeWe
pk-706,QmRzo5GNz1zmh37Fa1NCRpNszSeJvpGjyqnDLoYCoBHoG3
pk-707,QmcbUXfestkKrNafLPFVq4ehBKEV66JW9QVNQ7XomRDqtp
pk-708,QmYfp5h6WZ6swtJGTcberDDLRWGC36uW9Q3iQdF6Ax1X2L
pk-709,Qmf5HV7MN6P2VBCDArdjD64htNuuws1p6z9ySzxPoBN9rk
pk-710,QmTwDjsk1hGbg1BnBrVjLUMuwyyJbmEwCPBSCD6vCwNwCf
pk-711,QmTrPAxXpfPSMVCdVz46Wiq36wozwDgHKg5GqLD6ZjTM2R
pk-712,QmXnvv3gwuCiAnV4eW97WByfpUC5hTUjMHTTGQWpBoyS6r
pk-713,QmWtaEdj32gS8B8jFsoLVpgtCCm7dD8DzdfsJxjhhbFMdG
pk-714,QmXjk5kdFXm24PAbsNFtCcSwaB3erT3uaqQakCNCqYXifX
pk-715,QmaHTAV75rKAZQ88ZVozhDEfsyrpsDw9HCJJmrN1Hy9pEr
pk-716,QmRA9M1qhWJhfteUqmGEjFNKxqy9DSCvj7bzEsN1Fud9Tk
pk-717,QmWxQmxEXXKxmjw6kMnSi7AVF8pHPXbHkbexCQQpkvk7md
pk-718,Qmcs82yWC8t44ptZQ7EseV3PvguTG56AZt7ttjBgRESfy4
pk-719,QmYDgfviqUd75P2vVAizrZr56GD1hFCtLeoeFvDZ7heYrx
pk-720,QmXAvyqmZ4wihwfHKBj8MGYtsEtE5t6fQGmnTXJMdaLWpj
pk-721,QmW4TnqsFonTwBLjoD8TrAjdAxTB4BkH2J2zmTX76XEjoi
pk-722,QmX5pjXw6Uf4ci3EfxADPm2crV5nz15dCMm7Pt559xD6Ux
pk-723,QmXghwEizFCN71UmEUJCGwjP4oRkryL5h4ARnLHDdfJog6
pk-724,QmXkcFkcEQqHWHVAc6LzQhDZzHiVCGaMZ7raKyQNGo5Tsx
pk-725,QmXz1zUsmTMKznNzneesVmKTeoJ2hEytmZxsHoSd5pG8B9
pk-726,QmYbPwz2UuqvXKzn82ZPLGVbnck66b19ayAH1wdZ3Y5F4e
pk-727,QmbxMeYtSX5MT2GJmdki6Mc8PfH445Zv1awwaqmfmY3up8
pk-728,QmTQmt1soduc5Atu1W7tWKNEgyXJzVaFJnRzHcVy9p7x4H
pk-729,QmNpVU4vsaqgwRibG3LaYym6u3ZDGxeeDjZd6ZkjSSLdd8
pk-730,QmXvZqg1mAFNfLU6ZobxdjgDku8u4ZfzJs7HEd6ke6p3L2
pk-731,QmXBzDC7wGE6NyS5wSQiZpPvrL3pMvVeyHfUURkbcJ2Led
pk-732,QmQ9VX3JKSyMaXX7j9L9F9eSLvQqdFywdUByVw6GyXUseH
pk-733,QmVzMMD7pdwB2DKiiwnwPZa9SWYctjnfEWc9m6hWHhXTSr
pk-734,QmSTuSTL1QGjwMoj4ja9iZwPEzs2VE82QX1anYAsfbtANi
pk-735,QmYFpwKNR7ivuzK11CwvrXmURxVcg2jn4cdixmGyx2hT17
pk-736,Qmf8JA9jUUp86zKgp7mLWfmPmgVbmQ1kTadodAhqRez4ma
pk-737,QmQ2132RGhSE1Mv4XzMi7idgZuj7BLVXqj41tMh9yAnvbh
pk-738,Qmc2ebtvCRgH7UZP6vzCT8xV6LeB3U4FLFW2qHpqvGJEET
pk-739,QmXv9nmnd45BBPXR6KMTC3bzGBHvpKyoCXW9wQXYBnn96r
pk-740,QmUCJrvbuyLrzV19pQgF5X7tbvbV2KtSRa6fxa6kkKcYBN
pk-741,QmQMoB4Xf48dejx45R9s3mMXMYeWvKDfK1jREJGPCVtqPt
pk-742,QmaQJwpP4J6uvUE4u2615rS4wxPdUhF6n99S9ktA9EjC8L
pk-743,QmWpP5Rz7YbJhPWiHfhMBYE8MHNK2Av1tJhj247e1etNsu
pk-744,QmX6V8vD6AAWecc27DBFm89cweFz43VJH3whKiZo9PYJ7V
pk-745,QmQa152U9GW6p353tQjB6csMpPWo9dcKGGExxfHAGWQ7WM
pk-746,QmeBygQ4QXABmAULPHHenmLKKQicYpG132saMcHggC22DT
pk-747,QmdfWkvoZDtJ4gwZoYi1tzxCiYCSMt7PBWqx8B9AcHe6Ht
pk-748,QmSWn7scbmdb6twzZbk7CCe8BfGawkzHCPdd7PKGCpYQ9R
pk-749,QmTGpm1G7HaXUV43eWU5JT7QJoLei5wN65TRwEpWHQYgaL
pk-750,QmZ6r11PiddpmVT4juNULpTTnFfxMeuWK2vT2wNnPyU6Qp
pk-751,QmaE6nsZjn4L2vcNtDhtwS2tEPh9ZjWAwiPzHxotitPmVF
pk-752,QmZzk2HT835Ft77ZLriDrnHmgGe3z86S13ueg8PPPCEstB
pk-753,QmXDGcSfPDFaFHyX84S9xMViSP43fmWSpegHu1YXjKP93v
pk-754,QmWcn9yL2xjxm5225UgnKUsYEkEsLa8D2HTkbtZWAN8KFL
pk-755,QmazpNnK2TFiJfotCWgQYtM51ZE1Q6jmdeHMjMWLxsW5Rj
pk-756,Qmahh129kpknvaVgguGeDwT6HjhD3fZfensR629n8jXChq
pk-757,QmUw6yjo46yy9cdxp4p3K5o7fUM6UEvhF6YDoX4ss6zNLz
pk-758,QmVGpJ3ZRXS4URnhfC2YtMCZCNNSJe386wCvbRiPVvGMgR
pk-759,QmUptkDLo1QD5diKFctKjJnByoyw7RMqv6p7XqQJgJ5DtJ
pk-760,QmZKsRGy2D2q2RPvdjg3ZgwFmzaXjpYoW239g9pdDTcvve
pk-761,QmcAsbojrWY5HVa5jkezZaEP6JGn9RF2CpscmP8XTyo5A2
pk-762,QmS56LMh2gWpfcjZysj5MutFoY8fr59At1uTKrGmvVGowB
pk-763,QmRwTza2SFTdi8RePPAXrBNREeNP1xfy7SaQhfdW2PHLw6
pk-764,QmXds8oADTMiMC512wmQ7i9R6YVE62SHxXw44eLLjQLv93
pk-765,QmPqfbS5QqEJkkyHbqR4qdqD9bdCjWzMdcHvwBLTVtL65B
pk-766,QmQGipihmL1EUgjn9HDSTy4kxaEdEkQBrakjpN3AGFisop
pk-767,QmPDvV7SqeiCMeBNAPT4jKLfzz3GXoZAu63xwm7ukgpYVp
pk-768,QmcuLTqGXjE6epQtm9Kk3qZ9uX5agrSaVffSzWG3Twu8a4
pk-769,QmQeYGDYQccL77mefjnxKJzJeyGUa6RoJucEsQz9mVHnLV
pk-770,QmfCbngCUPKRpfDz9CrNgN5Wjd7TC8Rvti3MHSHUAFgpMp
pk-771,QmTxiJQwRpELaQEWWiZHex18unXMHTbbA16S9sQpN1L2WE
pk-772,QmVXeEBNMJjgPmXvZwzLQSw6t77uptmEV9NKi5tRzFQ9Tp
pk-773,QmXfcXsQS1rFK9ELCbd2KEhnuRiVAmzBsbxCBYfFoqsP88
pk-774,QmVeaRX5mbXXvgsLfExFGy8DNBo6sH7BucrfnyAfFThR7t
pk-775,QmWFQmXjcvTtPKPK9xVLzGfBuawdCymPT2MnQU2Q7xsJSZ
pk-776,QmR2jmy2vty74sNkJX1asnVtpsuwjuhyYVE6LpWAkyjRqc
pk-777,QmPwSA6hw69YCM3aW7z41gZdbnW1E7Mq9bzRXxSA5B8etF
pk-778,Qmarx7HQ3B6X464c8mCYhACzTYRLv5sVJ3a5w9u4KiNsog
pk-779,QmafbES9w3TJ1cabKW3Pn9jCyCeRoe3bPH8SZ9YsAQMsoY
pk-780,QmVvWnoeK56DohDBknob4rYBYFUxjYQjZ3ZNKhLfifpBYG
pk-781,QmNxmKbUwbupiZLfdK3KS1V9zH4rYGiQaVqbQMm3pgbJyX
pk-782,QmeYJh9GM4vSCBAhUMYCoPwrBvfREsSqgmJDX8F1GdU5sS
pk-783,QmWjBSARMCr91v9Ddbc21kdh8arsZvJeVrFkJwggGiPVjM
pk-784,QmRMkg4bFJWbPidvgzjXpmhunW3VMEAMHoHaK6z9VCHKG2
pk-785,QmVxHGgjy29dTCaxBi4S2CywBquw7PArxXb2tFcW69SzDZ
pk-786,QmcjgU8woTvHyr3v5R3bCHef2WjN1qRvVb1KbGmZjarwVP
pk-787,QmVjB863GG63LchkJN9Zo14GP4yARQ1B3z7HXPvSGBRDz8
pk-788,Qmf1qGUa1TbFsJDucY118qTwdFJ7be6qiXbTPkMVfDvRtW
pk-789,QmYUPifXbGK9Emk9jXF3Tfs6CnNC3n8Q6ib14TVjc9VsQT
pk-790,QmdoNqWZn5rvh5zJQk9tfjo7wDwRiJ9skKGseXjyPZJMD5
pk-791,QmbXfoTsQLDqbfCtbzxjyc1wW5tvRQFMx3HxYFtBrZKigS
pk-792,QmR5sk4BFrdGb18Za8FkbWfvpohtEppQCfptNeuLRLz5z8
pk-793,QmYUAjjmibGDx9b2L469ynnMfHrcsnS6KZ675qki3ptsUT
pk-794,QmYXjJpN7CaWhbktbRB2MHGUdCoX8pDBdJ4fPPPsGmPcSh
pk-795,QmZyHtz9ndUNm2wtLn2csHA7miCd5QQ74r7goAuw6A6mUN
pk-796,QmcXfoj5BikBkpfRyZCEEevq3Mgad65XbK94HQnJsvYjY6
pk-797,QmXsBk27h8E1NbFGj43NgXGTJ2xJDosFfvaZmfguqDzVwT
pk-798,QmdhjcMoPkCjVJ3LZiJrmGREMjq1n3z1rvuiqLjzc8XVNd
pk-799,QmZLgGNLaqvwypjgfvSqg3UbHfRxoppx6RDwH193mNtPNt
pk-800,QmZVPLkMLeqXRqfaGgqyhmV6Tcjx34Gg2VXD2topYqLrU9
pk-801,QmbsFxX5gdihxBSH881ywUacpwMmKwSUrCo8ZVPgADirTt
pk-802,QmQTD4cokYdGesNNwnUD8NugPm2k926VZNLmp6U29U4vFv
pk-803,QmaCan3nVnr9uGbdVcMFtmFmwfVyprH6mT6QCX2oJoc9VT
pk-804,QmdGfTamBApf6wsV7G3CfCYhsVsKZYMGU5eHL7P56VdiUL
pk-805,QmWHwE8xpyZc2Dx2hLqZ4XQBVrfuKsJ7arkkrhYt2NMptW
pk-806,QmR37zmVPRJNBHeSa8KH7LnkMKb9NxNS5M5fDuc7GPN5tk
pk-807,QmQUdonDhkftMzRPXDDFEwsA4UCcpE5ap1JxQ8rWSo43EJ
pk-808,Qmakiyhg2VYJj8kwnGUkS3yuKoSx6nnxhBUC7sxf6f2mjx
pk-809,QmU6gxznkP9ALWhPMtmgvq1bF8zybsJ2mPeHaVHb24jQPr
pk-810,QmbjR7YqHE45xSUyZHpmFkZtHk3mp7bBD6XBzTq8MZsAbU
pk-811,QmSnVVtY1nK6HM9sCK7cwwPZszVWGbTzG1EvwoLMhGS1b7
pk-812,QmTpibpMtNMdkvXRro8offNEvBLMsReHS5jhXBX9KRn66Z
pk-813,Qmf4T3QuX37DFMMmdCidFJ68BTejp1MqTfp61b5rVyCuXB
pk-814,QmYPuZuzW8xY9zccibbw8XMjQL4g8vGs9KHB5NYY9ePeQy
pk-815,QmcWN8g8Bixr5fqbaQvvxgYp1VmH6zuZmsWUmjg57krdpV
pk-816,Qmetoa3SJ7qBSTSMHgkcJ7gA8kKZnNPaEGkouLySBJhCAY
pk-817,QmVfUDFSQYvWwJDkHDdLJLMR5jyT8upq8p7ev7iGVV7mjX
pk-818,QmXgX5CzhhdinFLVeGLuo5c7aqAkWXFDG214BJTV2fxrXA
pk-819,QmTEtp4xFReCtYV23V1Tqbsvoxk3tPYbD19S7wzsz7igdX
pk-820,QmQVVJLwCkWoGSMUoAA8c2jiRs4mBbTeQp9za3RSoPXEmD
pk-821,QmcgWoLdWbgPLEAri55nQbF1P3avhKq5NqDyABEDUqk1BU
pk-822,QmZmxbovPMF6yRTCWmBmz4EXHNcVMKvHWpXV39GAkitxGK
pk-823,QmZHWFhDZmfrbeZNp2sGgnoRw6TvukKgWPAnyELhK9ZahD
pk-824,QmdahXD6cECAgFdQvKSpuDWDCkuLG5wExPoasJoid1inLN
pk-825,QmPisVHYH3LgkVWH9t1u93hFNGGmHp6tNmp6uuVorbNsUo
pk-826,QmdEqYmGSNAP8XNbaZwAyamNexPS29YbK4PBfYjHzuUrG7
pk-827,QmZRGyunBHeEEzZnZu2XUPTVwWpmeSZ31qZDM4iMr6xqJ7
pk-828,QmUW7E7MTYY4vUFgrJsbsvxbdYPxArtztFXRYvDpf1HH5J
pk-829,QmXeQzWcb2uxnp8M1TBrKBLAkdB8ewZb2KM4or9sLfo6MN
pk-830,QmfXkQPYruPZB8JP68cjzy2NiD9T5kgLQH9BRgbmcWbzk2
pk-831,QmeVK3bEdd3BjRXLMuPFExJ5soiXEC7M43psWCNLRo7UY5
pk-832,Qmd4GZ4jWg9riVThgqv8QqJi58TsSJS5kKApRMpnZig1zn
pk-833,QmTvKegjVyJb4pJY67PodYh2pKeAHeunhJcSarKyuYvQBk
pk-834,QmUPWnw8Ac7emMo6Whsf2gk8d27BNEGrmQA2wKdkLjEPWw
pk-835,QmW2pSB3yTxaxATxf9DA5fBWp5k2dUypfXpEHDBandE777
pk-836,QmVADZBWxdnXo5YMPRJMQkJU9wCWGNTVipZK6kxedovzP8
pk-837,QmSdXNBELXzgfHRT6T51E1sXJkEuEJHCQXQdeoqXMzdJJE
pk-838,Qmau1xTPMWp2BVEZkm3zbsxsAePConqti8rgkTq2Qw3ffU
pk-839,QmRy2HTifn9qrnDduFknL7WG4J8swx9gbr9gnKDXQVzZSN
pk-840,QmY4jvsFvNgDGxPfFTe4KQUhNSdQY6zSRk3jVfVHzhvBTW
pk-841,QmNMcE1x3b4dqAZGnQ9Qk35c6RxkBCzt9VPjA8ZcpzLwrh
pk-842,QmYBQ23hgdGWWttYJDoRAimUkGwVmY2vznpkSYP8vvmFM2
pk-843,QmbgfGuCdfLse7oJG8woi9knrZHqR3DWGYuyhM5YHGPHpD
pk-844,QmcPDDiHKEW28zC48GoTah8ER3sRnCSaTenfDbUXa6H52S
pk-845,QmQhxa3kiEFGx73ba5RwK2Wb6bPUmehiHDNsCUt5iB21hb
pk-846,QmaMVh6YmNJkSveHwqnxyYCnzWhz6s1M1TYS1q4TAyTxP5
pk-847,QmXBJwgDekFdCRePLUvcyc1RWHAnWgeRRgXeX4mQm6CU99
pk-848,QmfHp3RV4DF6GsjPFcKNqichcUfavaVoDDDM9qwTouMYha
pk-849,Qme2iXGUB38u8Au3jPXs8RvhABaoSUEivQJJan6KN2u8Rk
pk-850,QmaPruCWq9ahk1a5LYKJ4F9M3TLePfawJzdqjMCwKy6KiJ
pk-851,QmZKy9hv5oU2AHboHzJJm9tUMWXTmRmmx7oNYs3tvfkuA1
pk-852,QmeLaoQhc4akrfjx5HR8CnwquGxrVD8nqZbKqNUEnM7iJc
pk-853,QmZjVdVc4ipCH3woPNNw7cTudLsjwFSnMTc99cfE1kjatG
pk-854,QmXNkePBz5q3L8dgx1AfHat41Lm5zbJ67jaouNYyJhEdvj
pk-855,QmUXBNeSDJ7Ut6t2wBcauhLWdR7hogxvh53vXNaw1nErYM
pk-856,QmVk2kEcvgwubsxnR1UcZVC4DNCviREGU2uYSEcSwBNRJR
pk-857,QmVCxqkd3T9NAWvqnCAuD6XJSARkR6HYHzCY2mW5r6t4bb
pk-858,QmWLAMgkY9aNtZz7XmUPnptyyNCikkRKwtaLn7e35cGXQh
pk-859,QmcTW7o6QanKu32Z4uxNf9N8hSohaXsrWURARbMRy2A8oH
pk-860,QmRvp85RNJkNg5wJLJ3Df2e9K3J4Ef8jxeGCp8uXfrCZRq
pk-861,QmQtWEy5DTWtRDiHiirfK4RH5To1dKsQp3PFeCcm3GT8xH
pk-862,QmebSriE8FdkDrHEygAKiM1MTwQg9Cvrit6cps2YfgsTmy
pk-863,QmXuuDG5pTHTCTJGQuuh7q5gyygCRLuHivnD5jhvRyw7Gu
pk-864,QmdCd5ztEvLWAHEmRtQwUi4ys7c9i3QFD9bWRd5Yw531wu
pk-865,QmRSLExckvgeKKWyPFWbkAcPg3hxWM1Ltc2NhBFAnbSk7T
pk-866,QmRULbwfEsDU6EMmPRRjcs9JmyoMdk44TXpnxpoTLgMaMn
pk-867,Qmb11eUtXX6BrQgJbDL5R7UEUh1PabKXuuoeGMCb2b3d21
pk-868,QmWCBEoDAm9e8zekK748x2BjrrQtSrHcXJXYEmDRv33aaQ
pk-869,QmRPp9P7vw3b8K4tWqQnAxDnkSdwm2Kt4MhN96KW2mQgzU
pk-870,QmNsgZXPwqrxyGAARKLoYA2YfLmSr4ghFYRjBRbkEwckLd
pk-871,QmXRSZrh6WwncAeyG2nNyc4o3KwjybhhJmJySM9DcmeTxW
pk-872,QmQDSTgLEWR3XUTgb4HhmcJ7iGfzZVnJQd4QZg36u7hCGv
pk-873,QmVoGkpjeCwcu3sMgpNaqWtmNuCDd9exQCBtv6HB3BX2Qw
pk-874,QmangMNFQZjWH11LgYkmbkwJR2hPdXYJsbXM8HStKNCNS8
pk-875,QmPxsEKoiap55nQVPTJ7WEbvCWicoCRnCPSv2rq7RQDP37
pk-876,QmXsvEVZ7tv3U7ZM2ztfYsH2hCsjnF1AyXotweWCD7o2ME
pk-877,QmTxYHeoTgxGa3Vffcq8nq2r7FjGcunsj8D3Z3HbnaUsSS
pk-878,QmQMpFWb58j5xMR7ECtnLN6AnZ5vTCuqvhHjMbyktDqaKH
pk-879,QmdhQpyoQQuEghb8Y6pDdmXptv8XiQTrKekqb4eFSPsFaE
pk-880,QmZm61UFLHJFzgHg9wae5QwiUHcoEyjhwczvEiR1bY1URH
pk-881,QmTxVaBcCpQHERNCdHFuWEyEUmFwUUNA8HHJhse5aNUcuD
pk-882,QmdwnSTrhLH3yXm68tfT9n4HPZEfSNK6Q3QXzUxFrafiid
pk-883,QmZPnZNQ66j5DfkFbHJoJnaKT6NLZ4vFCpCF9wxwjaKB2s
pk-884,QmdUHzifY5icWTsSroJzcxMfUNzTLBFU28nSF9FkXuikdm
pk-885,QmRE3uHfSkg5CtSGrBHbE9vXxwVx5L2dartPr7e643pbBB
pk-886,QmNZBv8ydopCeJcCx7qfZ6Bmf9JnYaVFxZPVo356erV3mx
pk-887,QmNcwNUryQgV4sbpbGVPyH97f7hE5BEPEerasNj2nHPV56
pk-888,QmS9wG5q6g56dDQKKuYsfGGK16QogYExNMxuJm2XzEarc5
pk-889,QmZJfXnUxw9CJELzxrd3rmEXUuw4NAoLw7mRHpJtWNCcXE
pk-890,QmYB8LuummXGPWt6yE2gpsUuwd3g2PWMCENgTSao1wkv66
pk-891,QmdHtZ2H8356VvHfDtD6giEC2NdT5FEGYcviquG96r9ZkX
pk-892,QmT434Cxs6DSvouHYJ742rZJaHp6TeFNMkiwGgidhhtL3H
pk-893,Qmd6BYtfJyyUpTE3Y554iP5VKNseaTBCb1XL4um5484Abt
pk-894,QmWCGZz78V8SbdCLWD9rKFCtVck6VEksFJhX25vnx3DPEC
pk-895,QmTmrwDDqS6ExTKeARqBaagQBajtotbYAGxAgW9RPRLTTr
pk-896,QmVKcDFAXc65ULwLzRM83VyE25Gy3fCKkUGDDBEhBe7m2q
pk-897,QmdqMQsGWiRHqoESyrPThaV11xQFBBPEe1ESS8Lmm9YPKq
pk-898,QmPfD6iCPPra1obBn2xjNJ896sXaC3Vx4ksAm48pr9nVzR
pk-899,QmTvoNdjmkFoLjwFxdB4drEgyhX83fmMXv292saEyCUASf
pk-900,QmTRBYZoCXDbBTQZD9iMvbP8ogmYSAVGgVaN6LUzt94cAf
pk-901,QmZBvWrTR2oy6oLUhgVhEYjBQoCZdkjk34J1ekBjH4DPt3
pk-902,QmXTfC3dE5gJFziuzinkAxuFLmvit6bchmXqPcz6TvMyfv
pk-903,Qmeurvd32cYp6MrkAmA7TBvoFych6zd3GSRpgtAuqwvxqW
pk-904,QmevxvkAxq52R8UX7DvNdNCQyFtYiJkQ5Lhdhz5YYFf4Sf
pk-905,QmcjwiPevCk5aogQGfAURD7GqaQ6Lx1bV8WEApLTvbS1pB
pk-906,QmPPz2ZEmx9Buq2nKMjSqUcFYPEyre2ZMFaMtA9EgdNBXg
pk-907,QmUE4GXMARrBWVJvzvmxFCrxocTw63Ss5kSxU8tGhpVQ6q
pk-908,QmTXsYUM1ZzuJNGsdmUdnHD5mrYx7vc9wGrtegxWEoJrCx
pk-909,QmYm2FTYbk3yNVetnFMb6HcZCNR7EikbtatD3oeFykWtU9
pk-910,QmWm78VtCzyQXpxB7j66GjEPj5Rprwqv1VdosATUE7RKMt
pk-911,QmRbX8D7NsDkwhV86J7VfnurhBeNY84DcuvEoV8oS9t59y
pk-912,QmU9kfapiHRzw5hPhpGWv9u2yGM4kSBkCbn7Kvf42dscY1
pk-913,Qmb8JxpbuZRUVhAs4jcqsy2RjUr9WGqQ67rGZpP5hpRgWg
pk-914,QmVNFUX3L7r8ThvVsuF5rVDsURHpBzbstUbgVv3WpnUbGM
pk-915,QmSvLjkytJtTbcWrry8agRBU2kphVfNEARGjXhBHL1Jr7r
pk-916,QmbbRiG7foYj2ZH8fmkBv4bb12zSVpDGdpaTFdZFbo3hpe
pk-917,QmPoasyARTZSbtRViypF9qV3P6U5ZLwnTTSzxbK7wNomds
pk-918,QmYfNTd7gAZvLpFfbCYQ5YcTgoPQ22k7Va99qqbx4EexjP
pk-919,QmYGTJiM9dkB4LN9U4WUMSLDXnevU5BMA9QzBrqgxjcdbg
pk-920,QmQucgBzDGMb9ZJHU76ZqgGnDkPnK9UuA13J3w3kRzyaXZ
pk-921,QmaboNTf3JDjw7qN2Hp2Ru3pos7Kibc4FbYmpJD194iDzp
pk-922,QmSMPvEA3qhLAeQn3SNW8Gig7qAxou1xdUUwDUzrrXq21e
pk-923,QmayY1jJs8sPk9oSdYEEpQFWfvAd3wUDZ8AaT1zz1mGKa5
pk-924,QmdG4S2jGvZyLSL3m5jFUVUreJPj1Tqn4NiBQSLrZ8BrS6
pk-925,QmRAkYABL4Z83DDwy2EbkrAzMteYZRqjmeCegQaPvGPhBo
pk-926,QmdrVoQXTomCgF2pCM79FKhzVfK57Q2N79BbawQ2eKzRJN
pk-927,QmT5V5Tp4bvfeYYsGcu2wBAHmXn9icwH5cBZmY9a6TU9KN
pk-928,QmWyTasZfKxNRDx9qq8KbdRDxFEg1VVGJDJvQrbyUyiVvZ
pk-929,QmT23Pnd43StEWeqUD2bNf5SG3X2nGUWFfS4EYeuzVspUH
pk-930,QmNhUi4PMY4vQWS9it3EFcTXJxdwvEgZ4Yz25RU4LnfFTY
pk-931,QmSsHFdfUa2VSx4XYQYtfrnwV7A4HDCp9J6WS6PGA4Vodj
pk-932,QmV3un8aCeFnjGxgR9jqLd7kQcsj2ZkkUkth3Hk7dw4jBa
pk-933,QmUerBUH12Vq6t9NaLcfgy4vsPZVLFS7wnfEp7vPUMuD5j
pk-934,QmUyDgekhCSFcunegCsNBktPwnpSfgKhNEcZ8c85sMqn65
pk-935,QmbRdLpauBghXv7dQQEHhnYVvatkTxtaJKuXsQ4ezYgzXZ
pk-936,Qmbg2VQTwHshTD2uvjcyPcQVWN1i3hcabm35b6GanietHv
pk-937,QmeguY1RTY82dB72cgxHhd2iNRsceeYqHnUHk6nnuecaFb
pk-938,QmUEEQceejY7AU15E1895dhesWvW3hViaP4anoybJNFGSB
pk-939,QmbLBCvQtXMg1Ki7Ru5kJRJ4jJeo2LMVLeCQZmF2bWDTeJ
pk-940,QmaVKL6o1Tb6VKgapzRusQBnCBuv9ptzieDCzNpY3GuLj5
pk-941,QmTEeLXuJ8woJ7UNezUkshpyZnbFnCkk4z25VcuKeR5U2F
pk-942,QmVhn4FAm1NJwwNUUs87LshivRidx6Zy3v1H6NU3yNyV8R
pk-943,QmfVZ7LMecE3UHoBfuE4W9LNEsJVQ7S222PEGi2iBA5Ae2
pk-944,QmdRoEp4hSopxEBZE5XxDYxfDX4HBpfkg7t8RdCrhRy1oD
pk-945,QmcU2bTnEAJYDfG9VTimm2VA4XAKdkFQwznYb35UGUKDLK
pk-946,QmP6hA7ZJMBVWooa9J773GUwA1rWmUgTnP5Fvqc7SvM3Rj
pk-947,QmSa5Xjh7zSGQNHYrcqCnRpGmYRkaVF6iJHVSMkTRgbUfA
pk-948,QmYSLwgTBTQD1EBuagyjyrEqAqJL2TqfYgbZiv651StfM8
pk-949,QmRFDJhrJ7K1qnTCtDW1LCChSDCfyC56srAmvLCMrXE3SX
pk-950,QmSAmhjRrS9Biy2Nkjjb6DpAihVfViCebkU6E96KAzGjsf
pk-951,QmRkBPTSV2FH8E7spf2pETstwKmSqaZsuMmW7vQ2o92qAj
pk-952,QmSojVsaAdENhBKbrsqVoVDpMcrHfhv2kHEy2uj9gi4meN
pk-953,QmZyakEaE8vBfKR1uwvjz1mkqSuUz8W3aqpVf8Qyb7FmDX
pk-954,QmeLwPYpRumGjqXpgJYaEbYvVxx4rUiQ67PauibZdtJtSa
pk-955,QmcEtHuiVkLWxoEukKCNiM8BbXJRPgcg7feUU2msKPHf9J
pk-956,QmbhrW9iq7BntvMkPi93juqenCGoTYNcVfceKYmJvwDoME
pk-957,QmeSVv7WtwSdxrxmjdw99wX196VQ4MJhJg3gDBuaFd4vbm
pk-958,QmW37cprxke9GRXYho1k9FShAMKhGHgSQwY7bYUAnCWv3G
pk-959,QmPvooam8UxJF8jDDDjmJbRJR8YvY65nsZ9sKxGdwg2HkZ
pk-960,QmUFSuL6LtMB7w55uZyy4j6ytqAdeLh6vQMc29uoUgiqoF
pk-961,QmUxtSa7gL1vTXqAK2UbG4MH81ARfqNyfkfSwPq3b8JAh3
pk-962,QmUQfsSg2kkECgeMxvdPEg1URWuHQGTAhXQqhswRbWuyhY
pk-963,Qmcs8s6WAA7veEstbmTyiLNLtJuiToE6k8tELsGxHWLVt6
pk-964,QmR5NmNwQXKcTq92jn84kJ1SCwAVKEpDM11TvcKjMRuiP9
pk-965,QmSVX6KiVHDQp5YuD92EmfcqmrjQHS3XGg3De5fszYBz9T
pk-966,QmNSr5mYrxAz6hyRZk9oiqXgpyThG5XSuVqHUmr65xKH25
pk-967,QmVPzececjiNFyFFQciop2Wb8BDz2gDimsvLbsgKAnawLf
pk-968,QmUTneBoUrwa3D6DKyoCquwKro2veUyTqbQZFp2VLFxjZC
pk-969,Qmav6tca9sB82F29L16dfim1HiwdL9iVjrc23kdZtdhRLG
pk-970,QmdVvwUnarg49T2LHY1fet5VJ7nN89gWC6GzJ9RwNRNJm7
pk-971,QmNSCqr3BiWY4oKGYFwoSTffiE3y9Ff3upd8nrL2ZDeDpK
pk-972,QmbVVbG2Sny9pFnr9v1oc1dVQg8pWdGBKsUrUL9uA2q3ck
pk-973,QmfPRT2dQ7qRAQkH6GfoQz7NZSSPLhjJSpWsAfnAVWceqF
pk-974,QmfJjdCLqBn5NY3sLb4YxAyawyyzVZMyWXQBrn2EBW1Ksu
pk-975,QmVMERvGmSGRKx9GVTBqb1ovEZMA9T19h6wP2rhDRRpxV8
pk-976,QmRWvaov3qibWw4H4opzGaPfrqzLS2ppAnbwv7t1FS9zF2
pk-977,QmVmiasUGKVdo57t5bagWJAznpHHN7mVUr5xaEqqpT81zk
pk-978,QmbPatx84hg5duBu5x7ZLNZacENcmWCNtKn2xBsQCS9ECq
pk-979,QmPMuAKCcbTx4HiRvGQ6wmwXmuBHM5RFTRtjPkqDvGDbnY
pk-980,Qmc2X9EnSEgyW3EvQwNztMV4sche8qk7CEiwVnrQTjZkrz
pk-981,QmT9MsUvieUYBPQKrpieKseCJxpsjWLNApaDFAv5X7tLw1
pk-982,QmVqR1AiVJQUL4abX3DtC5Dzfi8SYUBErQfyxqSsb1agaW
pk-983,QmXvM5isPi1dDvxJ1uguMePKbUTBMgaVvmCfosYNWLdRB1
pk-984,QmW1aAzpBA7EUF2siNAZHHMsGTd9dC9AVhGZU3XFUTvasV
pk-985,QmbBffzD24niVk8NqHUip3KrtsYiGg7xTugnd5xpbvYmSj
pk-986,QmerStfrpFH2tyhgcNgYXbAbkMhSAQmYRWaTK7TzLFDMg8
pk-987,QmcHwLooH9C7S1GEASnWmHPxv8FvWSGbz8bw8UnNpbdsiU
pk-988,QmeKiqPNuUFMjDxQT3S1Ekt6APCHpXXtKc35334Bryf4of
pk-989,QmWKMTWayuWHiEKj5ofaBkmjDd3Y5F3kzr5UdTVyfpKMpW
pk-990,QmT1Xkhxzzcy4utfnZ121G5rCoFm6Qpf6sCegTwm2HQBBp
pk-991,QmULrJRkn4Ea57dkaNkyKMHRkhk8RpD2upaFoYQASHkjad
pk-992,QmR8yWUaBaLkBYTN5YDVy1LVV6dMK27iawdttZH8obTHLs
pk-993,QmcBLsDUDHiZ1ZmJLMWE34JhfKJi6pqgJjCDs2hMRU9kFM
pk-994,Qmb9bS5nCvgumN3cV2L2L36DZCujbFTXDsBs6z6PGXt9RX
pk-995,QmSJ79488Dehs3no7yFeqpeCNxCoJ3VLWERFWZZhS7D6WZ
pk-996,QmVqMG3Uxig88XozBj5qVihKC3eXGLaVpCNKx4xJHHFmDA
pk-997,QmWqE3iyuHB3NNf8JugT3eJPm2pEpUnArkRRnQFVGMcBY4
pk-998,QmQfzKbuQFKHiZna2mHMRyTApU6C6mYPkeBsP1oHbG2Dzh
pk-999,QmcraJ9EhmAup4uQdxXmRCJAU3yYjEVSSeEYfS45hqtpQT
pk-1000,QmZRxXuoxNsYD8PCELhchLrsXjUYNh4it9mGsnJ7ogEdYv
